"Indent","Category","Source","Report","2000 (Corp)","2001 (Corp)","2002 (Corp)","2003 (Corp)","2004 (Corp)","2005 (Corp)","2006 (Corp)","2007 (Corp)","2008 (Corp)","2009 (Corp)","2010 (Corp)","2011 (Corp)","2012 (Corp)","2013 (Corp)","2014 (Corp)","2015 (Corp)","2000 (Indv)","2001 (Indv)","2002 (Indv)","2003 (Indv)","2004 (Indv)","2005 (Indv)","2006 (Indv)","2007 (Indv)","2008 (Indv)","2009 (Indv)","2010 (Indv)","2011 (Indv)","2012 (Indv)","2013 (Indv)","2014 (Indv)","2015 (Indv)","Description/Expenditure Name","Footnotes"
,"Housing",,,,,,,,,,,,,,,,,,,,,,,,,,,,,,,,,,,"<p>Housing is a sub-function of the budget function for Commerce and Housing Credit. The two largest tax expenditures in the housing sector are the mortgage interest deduction and the deduction of State and local property taxes on owner-occupied homes. Housing is included in function 370 of the U.S. Budget. </p>"," "
"#","Accelerated depreciation on rental housing (normal tax method)",,,,,,,,,,,,,,,,,,,,,,,,,,,,,,,,,,,"<p>Accelerated depreciation of residential rental property.&mdash;Under an economic income tax, the costs of acquiring a building are capitalized and depreciated over time in accordance with the decline in the propertys economic value due to wear and tear or obsolescence. This insures that the net income from the rental property is measured appropriately each year. However, the depreciation provisions of the Tax Code are part of the reference law rules, and thus do not give rise to tax expenditures under reference law. Under normal law, however, depreciation allowances reflect estimates of economic depreciation. </p>","Description from <a href=""http://www.gpoaccess.gov/usbudget/fy11/pdf/spec.pdf""><em>Analytical Perspectives, Budget of the U.S. Government, Fiscal Year 2011</em>.</a>"
"#+",,"JCT",2001,200,200,200,200,,,,,,,,,,,,,1500,1500,1600,1700,,,,,,,,,,,,,"Depreciation of rental housing in excess of alternative depreciation system",
"#+",,"JCT",2002,200,200,200,200,200,,,,,,,,,,,,1500,1500,1600,1700,1900,,,,,,,,,,,,"Depreciaiton of rental housing in excess of alternative depreciation system",
"#+",,"JCT",2003,,300,300,300,300,300,,,,,,,,,,,,2500,2600,2800,3000,3300,,,,,,,,,,,"Depreciation of rental housing in excess of alternative depreciation system",
"#+",,"JCT",2004,,,300,300,300,300,300,,,,,,,,,,,,2500,2700,2800,3100,3400,,,,,,,,,,"Depreciation of rental housing in excess of alternative depreciation system",
"#+",,"JCT",2005,,,,300,300,400,400,500,,,,,,,,,,,,2800,3100,3400,3800,4400,,,,,,,,,"Depreciation of rental housing in excess of alternative depreciation system",
"#+",,"JCT",2006,,,,,300,400,400,500,500,,,,,,,,,,,,3000,3300,3700,4300,4900,,,,,,,,"Depreciation of rental housing in excess of alternative depreciation system",
"#+",,"JCT",2007,,,,,,400,400,500,500,600,,,,,,,,,,,,3400,3800,4300,4900,5600,,,,,,,"Depreciation of rental housing in excess of alternative depreciation system",
"#+",,"JCT",2008,,,,,,,400,500,600,700,800,,,,,,,,,,,,4000,4600,5300,6100,7000,,,,,,"Depreciation of rental housing in excess of alternative depreciation system",
"#+",,"JCT",2009,,,,,,,,400,500,500,600,700,,,,,,,,,,,,3900,4400,4900,5400,6000,,,,,"Depreciation of rental housing in excess of alternative depreciation system",
"#+",,"JCT",2011,,,,,,,,,,400,500,500,500,400,,,,,,,,,,,,4000,4500,4400,4200,3900,,,"Depreciation of rental housing in excess of alternative depreciation system",
"#+",47,"Treasury",2000,2125,2845,3135,3090,3155,,,,,,,,,,,,970,1325,1455,1405,1415,,,,,,,,,,,,"Accelerated depreciation on rental housing (normal tax method)",
"#+",48,"Treasury",2001,120,135,160,180,200,230,,,,,,,,,,,3865,4090,4340,4585,4775,4915,,,,,,,,,,,"Accelerated depreciation on rental housing (normal tax method)",
"#+",49,"Treasury",2002,340,370,400,420,430,440,450,,,,,,,,,,4400,4770,5120,5410,5610,5700,5760,,,,,,,,,,"Accelerated depreciation on rental housing (normal tax method)",
"#+",47,"Treasury",2003,,390,410,440,450,460,470,480,,,,,,,,,,4800,5030,5270,5340,5340,5250,5320,,,,,,,,,"Accelerated depreciation on rental housing (normal tax method)",
"#+",47,"Treasury",2004,,,70,30,-20,-80,-160,-260,-330,,,,,,,,,,1520,1050,330,-440,-1610,-3050,-4240,,,,,,,,"Accelerated depreciation on rental housing (normal tax method)",
"#+",47,"Treasury",2005,,,,50,-10,-50,-110,-180,-260,-340,,,,,,,,,,1170,630,-120,-1000,-2150,-3300,-4560,,,,,,,"Accelerated depreciation on rental housing (normal tax method)",
"#+",51,"Treasury",2006,,,,,-10,-50,-100,-140,-200,-280,-390,,,,,,,,,,760,-110,-900,-1700,-2500,-3690,-5510,,,,,,"Accelerated depreciation on rental housing (normal tax method)","The data found in the Corporation+Individuals section of the FY2006 Treasury Analytical Perspectives does not sum to the data presented in individual Corportaions and Individuals section due to what seems to be errors in rounding. "
"#+",67,"Treasury",2007,,,,,,650,710,760,840,910,960,1030,,,,,,,,,,8960,9920,10710,11820,12910,13750,14890,,,,,"Accelerated depreciation on rental housing (normal tax method)",
"#+",64,"Treasury",2008,,,,,,,640,680,720,770,820,870,930,,,,,,,,,,9700,10560,11580,12710,13740,14920,16260,,,,"Accelerated depreciation on rental housing (normal tax method)",
"#+",63,"Treasury",2009,,,,,,,,620,660,700,740,800,860,920,,,,,,,,,,9240,10120,11060,11980,13770,15300,16630,,,"Accelerated depreciation on rental housing (normal tax method)",
"#+",65,"Treasury",2010,,,,,,,,,600,620,640,730,770,820,880,,,,,,,,,,9090,9530,10130,12890,13840,14950,16210,,"Accelerated depreciation on rental housing (normal tax method)",
"#+",64,"Treasury",2011,,,,,,,,,,500,750,890,1020,1350,1410,1480,,,,,,,,,,3360,3890,4980,6080,7030,7950,8490,"Accelerated depreciation on rental housing (normal tax method)",
"#","Additional exemption for housing provided to individuals displaced by Hurricane Katrina",,,,,,,,,,,,,,,,,,,,,,,,,,,,,,,,,,,"<p>Additional exemption for housing provided to individuals displaced by Hurricane Katrina.&mdash;Taxable income is reduced by $500 for each Hurricane Katrina displaced individual to whom a taxpayer provides housing. The total for each taxpayer is capped at $2,000 and is reduced by any exemptions claimed under the provision for prior years. The exemption is available in 2005 and 2006, although a taxpayer may claim a person only once. No deduction is allowed if the taxpayer receives any rent or other amount (from any source) in connection with the provision of housing.</p>","Description from <a href=""http://www.gpo.gov/fdsys/pkg/CPRT-109SPRT31188/pdf/CPRT-109SPRT31188.pdf""><em>Tax Expenditures: Compendium of Background Materials on Individual Provisions</em></a>, Congressional Research Service, December 2006, Washington, DC: U.S. Government Printing Office."
"#+",,"JCT",2008,,,,,,,0,0,0,0,0,,,,,,,,,,,,100,"<50",0,0,0,,,,,,"Additional exemption for housing provided to individuals displaced by Hurricane Katrina",
"#","Capital gains exclusion on home sales",,,,,,,,,,,,,,,,,,,,,,,,,,,,,,,,,,,"<p>Capital gains exclusion on home sales.&mdash;The baseline tax system would not allow deductions and exemptions to certain types of income. In contrast, under current law, a homeowner can exclude from tax up to $500,000 ($250,000 for singles) of the capital gains from the sale of a principal residence. The exclusion may not be used more than once every two years. </p>","Description from <a href=""http://www.gpoaccess.gov/usbudget/fy11/pdf/spec.pdf""><em>Analytical Perspectives, Budget of the U.S. Government, Fiscal Year 2011</em>.</a>"
"#+",,"JCT",2001,0,0,0,0,,,,,,,,,,,,,6000,6200,6400,6600,,,,,,,,,,,,,"Exclusion of capital gains on sales of principal residences",
"#+",,"JCT",2002,0,0,0,0,0,,,,,,,,,,,,12900,12900,13000,13100,13200,,,,,,,,,,,,"Exclusion of capital gains on sales of principal residences",
"#+",,"JCT",2003,,0,0,0,0,0,,,,,,,,,,,,13300,13400,13500,13600,13800,,,,,,,,,,,"Exclusion of capital gains on sales of principal residences",
"#+",,"JCT",2004,,,0,0,0,0,0,,,,,,,,,,,,13800,13800,13900,14000,14100,,,,,,,,,,"Exclusion of capital gains on sales of principal residences",
"#+",,"JCT",2005,,,,0,0,0,0,0,,,,,,,,,,,,17800,17900,18200,18400,18700,,,,,,,,,"Exclusion of capital gains on sales of principal residences",
"#+",,"JCT",2006,,,,,0,0,0,0,0,,,,,,,,,,,,17900,18000,18300,18500,18700,,,,,,,,"Exclusion of capital gains on sales of principal residences",
"#+",,"JCT",2007,,,,,,0,0,0,0,0,,,,,,,,,,,,22900,23700,24600,25400,26300,,,,,,,"Exclusion of capital gains on sales of principal residences",
"#+",,"JCT",2008,,,,,,,0,0,0,0,0,,,,,,,,,,,,24100,25200,25700,26300,27100,,,,,,"Exclusion of capital gains on sales of principal residences",
"#+",,"JCT",2009,,,,,,,,0,0,0,0,0,,,,,,,,,,,,28500,29000,30100,31100,34900,,,,,"Exclusion of capital gains on sales of principal residences",
"#+",,"JCT",2010,,,,,,,,,0,0,0,0,0,,,,,,,,,,,,16800,15800,16900,19300,20900,,,,"Exclusion of capital gains on sales of principal residences",
"#+",,"JCT",2011,,,,,,,,,,0,0,0,0,0,,,,,,,,,,,,15300,15300,17400,18800,19800,,,"Exclusion of capital gains on sales of principal residences",
"#+",44,"Treasury",2000,0,0,0,0,0,,,,,,,,,,,,18540,19095,19670,20260,20870,,,,,,,,,,,,"Capital gains exclusion on home sales",
"#+",45,"Treasury",2001,0,0,0,0,0,0,,,,,,,,,,,18540,19095,19670,20260,20870,21495,,,,,,,,,,,"Capital gains exclusion on home sales",
"#+",46,"Treasury",2002,0,0,0,0,0,0,0,,,,,,,,,,18540,19095,19670,20260,20870,21490,22140,,,,,,,,,,"Capital gains exclusion on home sales",
"#+",44,"Treasury",2003,,0,0,0,0,0,0,0,,,,,,,,,,19090,19670,20260,20860,21490,22140,22800,,,,,,,,,"Capital gains exclusion on home sales",
"#+",44,"Treasury",2004,,,0,0,0,0,0,0,0,,,,,,,,,,19670,20260,20860,21490,22140,22800,23480,,,,,,,,"Capital gains exclusion on home sales",
"#+",44,"Treasury",2005,,,,0,0,0,0,0,0,0,,,,,,,,,,20260,20860,21490,22140,22800,23480,24190,,,,,,,"Capital gains exclusion on home sales",
"#+",47,"Treasury",2006,,,,,0,0,0,0,0,0,0,,,,,,,,,,29730,32840,36270,40050,44240,54660,71960,,,,,,"Capital gains exclusion on home sales",
"#+",63,"Treasury",2007,,,,,,0,0,0,0,0,0,0,,,,,,,,,,35990,39750,43900,48490,59900,78860,87100,,,,,"Capital gains exclusion on home sales",
"#+",60,"Treasury",2008,,,,,,,0,0,0,0,0,0,0,,,,,,,,,,35270,37030,38890,40830,42870,45010,47270,,,,"Capital gains exclusion on home sales",
"#+",59,"Treasury",2009,,,,,,,,0,0,0,0,0,0,0,,,,,,,,,,31480,33050,34710,36440,38260,40180,42180,,,"Capital gains exclusion on home sales",
"#+",61,"Treasury",2010,,,,,,,,,,,,,,,,,,,,,,,,,30090,27980,30460,39530,49550,54720,60440,,"Capital gains exclusion on home sales",
"#+",60,"Treasury",2011,,,,,,,,,,,,,,,,,,,,,,,,,,23500,23860,31300,39510,43640,48200,53230,"Capital gains exclusion on home sales",
"#","Credit for homebuyer",,,,,,,,,,,,,,,,,,,,,,,,,,,,,,,,,,,"<p>Credit for homebuyer.&mdash;The baseline tax system would not allow credits for particular activities, investments, or industries. Instead, it generally would seek to tax uniformly all returns from investment-like activities. In contrast, the Tax Code allows a tax credit for home buyers on purchases before May 1, 2010. </p>","Description from <a href=""http://www.gpoaccess.gov/usbudget/fy11/pdf/spec.pdf""><em>Analytical Perspectives, Budget of the U.S. Government, Fiscal Year 2011</em>.</a>"
"#+",,"JCT",2010,,,,,,,,,0,0,0,0,0,,,,,,,,,,,,300,13600,-500,-1900,-1700,,,,"First-time homebuyer credit ","Includes both refundable and nonrefundable amounts. "
"#+",,"JCT",2011,,,,,,,,,,0,0,0,0,0,,,,,,,,,,,,8700,900,-1800,-1700,-1000,,,"First-time homebuyer credit ","Estimate includes refundability associated with the following outlay effects:"
"#+",67,"Treasury",2010,,,,,,,,,,,,,,,,,,,,,,,,,9530,1230,-1350,-1400,-1400,-1060,-910,,"Credit for first-time homebuyer",
"#+",66,"Treasury",2011,,,,,,,,,,,,,,,,,,,,,,,,,,9730,16540,1530,-1980,-1210,-800,-490,"Credit for homebuyer",
"#","Credit for low-income housing investments",,,,,,,,,,,,,,,,,,,,,,,,,,,,,,,,,,,"<p>Low-income housing credit.&mdash;The baseline tax system would uniformly tax all returns to investments and not allow credits for particular activities, investments, or industries. However, under current law taxpayers who invest in certain low-income housing are eligible for a tax credit. The credit rate is set so that the present value of the credit is equal to 70 percent for new construction and 30 percent for (1) housing receiving other Federal benefits (such as tax-exempt bond financing), or (2) substantially rehabilitated existing housing. The credit can exceed these levels in certain statutorily defined and State designated areas where project development costs are higher. The credit is allowed in equal amounts over 10 years and is generally subject to a volume cap. </p>","Description from <a href=""http://www.gpoaccess.gov/usbudget/fy11/pdf/spec.pdf""><em>Analytical Perspectives, Budget of the U.S. Government, Fiscal Year 2011</em>.</a>"
"#+",,"JCT",2001,1400,1500,1700,1900,,,,,,,,,,,,,2600,2800,3100,3400,,,,,,,,,,,,,"Tax credit for low-income housing",
"#+",,"JCT",2002,1300,1400,1400,1400,1400,,,,,,,,,,,,2500,2600,2600,2700,2700,,,,,,,,,,,,"Tax credit for low-income housing",
"#+",,"JCT",2003,,2700,2700,2900,3000,3200,,,,,,,,,,,,1100,1200,1200,1300,1400,,,,,,,,,,,"Tax credit for low-income housing",
"#+",,"JCT",2004,,,2700,2900,3000,3200,3300,,,,,,,,,,,,1200,1200,1300,1400,1400,,,,,,,,,,"Tax credit for low-income housing",
"#+",,"JCT",2005,,,,2900,3000,3200,3300,3400,,,,,,,,,,,,1200,1300,1400,1400,1500,,,,,,,,,"Tax credit for low-income housing",
"#+",,"JCT",2006,,,,,3000,3200,3300,3500,3700,,,,,,,,,,,,1300,1400,1400,1500,1600,,,,,,,,"Tax credit for low-income housing",
"#+",,"JCT",2007,,,,,,3300,3400,3500,3600,3700,,,,,,,,,,,,1400,1500,1500,1600,1700,,,,,,,"Tax credit for low-income housing",
"#+",,"JCT",2008,,,,,,,3400,3600,3800,4100,4400,,,,,,,,,,,,1400,1500,1600,1700,1900,,,,,,"Tax credit for low-income housing",
"#+",,"JCT",2009,,,,,,,,4400,4600,4900,5300,5700,,,,,,,,,,,,700,700,700,800,800,,,,,"Tax credit for low-incoming housing",
"#+",,"JCT",2010,,,,,,,,,4800,5100,5500,5900,6300,,,,,,,,,,,,600,600,700,700,700,,,,"Credit for low-income housing",
"#+",,"JCT",2011,,,,,,,,,,8000,4700,4900,5400,5900,,,,,,,,,,,,300,300,200,200,200,,,"Credit for low-income housing ","Estimate includes refundability associated with the following outlay effects:"
"#+",46,"Treasury",2000,2500,2615,2655,2715,2710,,,,,,,,,,,,835,870,885,905,905,,,,,,,,,,,,"Credit for low-income housing investments","Estimate includes low-income housing grant election."
"#+",47,"Treasury",2001,2290,2395,2475,2555,2615,2655,,,,,,,,,,,765,800,825,850,870,885,,,,,,,,,,,"Credit for low-income housing investments",
"#+",48,"Treasury",2002,2410,2490,2600,2710,2850,2960,3070,,,,,,,,,,800,820,860,890,940,980,1010,,,,,,,,,,"Credit for low-income housing investments",
"#+",46,"Treasury",2003,,2420,2500,2600,2730,2860,2990,3100,,,,,,,,,,800,830,860,900,950,990,1030,,,,,,,,,"Credit for low-income housing investments",
"#+",46,"Treasury",2004,,,2630,2760,2910,3060,3190,3330,3490,,,,,,,,,,660,690,730,760,800,830,870,,,,,,,,"Credit for low-income housing investments",
"#+",46,"Treasury",2005,,,,3450,3640,3810,3990,4150,4350,4560,,,,,,,,,,2760,2910,3050,3190,3320,3480,3650,,,,,,,"Credit for low-income housing investments",
"#+",50,"Treasury",2006,,,,,2930,3080,3210,3350,3510,3690,3880,,,,,,,,,,730,770,800,840,880,920,970,,,,,,"Credit for low-income housing investments",
"#+",66,"Treasury",2007,,,,,,3300,3450,3610,3790,4000,4210,4440,,,,,,,,,,580,610,640,670,710,740,780,,,,,"Credit for low-income housing investments",
"#+",63,"Treasury",2008,,,,,,,3980,4200,4440,4730,5010,5280,5550,,,,,,,,,,440,460,500,520,560,590,620,,,,"Credit for low-income housing investments",
"#+",62,"Treasury",2009,,,,,,,,4660,4980,5360,5720,6040,6330,6590,,,,,,,,,,370,400,420,460,480,510,530,,,"Credit for low-income housing investments",
"#+",64,"Treasury",2010,,,,,,,,,2960,3480,4050,4620,5210,5800,6390,,,,,,,,,,250,270,290,300,310,330,340,,"Credit for low-income housing investments",
"#+",63,"Treasury",2011,,,,,,,,,,3610,5400,5860,6330,7160,7510,7630,,,,,,,,,,190,280,310,330,380,400,400,"Credit for low-income housing investments",
"#","Credit for rehabilitation of historic structures",,,,,,,,,,,,,,,,,,,,,,,,,,,,,,,,,,,"<p>Tax credit for rehabilitation of historic structures.&mdash;Expenditures on certified structures qualify for a 20 percent tax credit if used to substantially rehabilitate historic structures for use as residential rental or commercial property. The basis (cost for purposes of depreciation) of the building is reduced by the amount of the rehabilitation credit.</p> <p> Certified historic structures are either individually registered in the National Register of Historic Places or are structures certified by the Secretary of the Interior as having historic significance and located in a registered historic district. The State Historic Preservation Office reviews applications and forwards recommendations for designation to the U.S. Department of the Interior. </p>","Description from <a href=""http://frwebgate.access.gpo.gov/cgi-bin/getdoc.cgi?dbname=110_cong_senate_committee_prints&docid=f:45728.pdf""><em>Tax Expenditures: Compendium of Background Materials on Individual Provisions</em></a>, Congressional Research Service, December 2008, Washington, DC: U.S. Government Printing Office."
"#+",,"JCT",2001,400,400,400,400,,,,,,,,,,,,,100,100,100,100,,,,,,,,,,,,,"Tax credit for rehabilitation of historic structures",
"#+",,"JCT",2002,300,400,400,400,400,,,,,,,,,,,,100,100,100,100,100,,,,,,,,,,,,"Tax credit for rehabilitation of historic structures",
"#+",,"JCT",2003,,300,400,400,400,400,,,,,,,,,,,,100,100,100,100,100,,,,,,,,,,,"Tax credit for rehabilitation of historic structures",
"#+",,"JCT",2004,,,400,400,400,400,400,,,,,,,,,,,,100,100,100,100,100,,,,,,,,,,"Tax credit for rehabilitation of historic structures",
"#+",,"JCT",2005,,,,400,400,400,400,400,,,,,,,,,,,,100,100,100,100,100,,,,,,,,,"Tax credit for rehabilitation of historic structures",
"#+",,"JCT",2006,,,,,400,400,400,400,400,,,,,,,,,,,,100,100,100,100,100,,,,,,,,"Tax credit for rehabilitation of historic structures",
"#+",,"JCT",2007,,,,,,200,300,300,300,300,,,,,,,,,,,,100,100,100,100,100,,,,,,,"Tax credit for rehabilitation of historic structures",
"#+",,"JCT",2008,,,,,,,300,300,300,300,300,,,,,,,,,,,,100,100,100,100,100,,,,,,"Tax credit for rehabilitation of historic structures",
"#+",,"JCT",2009,,,,,,,,300,300,300,400,400,,,,,,,,,,,,100,100,200,200,200,,,,,"Tax credit for rehabilitation of historic structures",
"#+",,"JCT",2010,,,,,,,,,300,300,300,400,400,,,,,,,,,,,,100,100,100,200,200,,,,"Credit for rehabilitation of historic structures",
"#+",,"JCT",2011,,,,,,,,,,300,400,400,400,400,,,,,,,,,,,,100,100,200,200,200,,,"Credit for rehabilitation of historic structures",
"#","Credit for rehabilitation of structures, other than historic structures",,,,,,,,,,,,,,,,,,,,,,,,,,,,,,,,,,,"<p>Investment credit for rehabilitation of structures, other than historic structures.&mdash;Qualified expenditures made to substantially rehabilitate a nonresidential building receive a 10-percent tax credit. Only expenditures on buildings placed in service before 1936 are eligible. Expenditures made during any 24-month period must exceed the greater of $5,000 or the adjusted basis (cost less depreciation taken) of the building. The basis must be reduced by the full amount of the rehabilitation credit.</p>","Description from <a href=""http://frwebgate.access.gpo.gov/cgi-bin/getdoc.cgi?dbname=110_cong_senate_committee_prints&docid=f:45728.pdf""><em>Tax Expenditures: Compendium of Background Materials on Individual Provisions</em></a>, Congressional Research Service, December 2008, Washington, DC: U.S. Government Printing Office."
"#+",,"JCT",2008,,,,,,,"<50","<50","<50","<50","<50",,,,,,,,,,,,100,100,100,100,100,,,,,,"Tax credit for rehabilitation of structures, other than historic structures",
"#+",,"JCT",2009,,,,,,,,"<50","<50","<50",1000,1000,,,,,,,,,,,,100,100,100,200,200,,,,,"Tax credit for rehabilitation of structures, other than historic structures",
"#+",,"JCT",2010,,,,,,,,,"<50","<50","<50",1000,1000,,,,,,,,,,,,100,100,200,200,200,,,,"Credit for rehabilitation of structures, other than historic structures",
"#+",,"JCT",2011,,,,,,,,,,"<50","<50",100,100,100,,,,,,,,,,,,100,100,100,200,200,,,"Credit for rehabilitation of structures, other than historic structures",
"#","Deductibility of mortgage interest on owner-occupied homes",,,,,,,,,,,,,,,,,,,,,,,,,,,,,,,,,,,"<p>Interest on owner-occupied homes.&mdash;The baseline tax system would allow the write-off of expenses incurred in earning income. It would not allow the deductibility of expenses when income or the return on investments are not taxed. In contrast, the Tax Code provides that owner-occupants of homes may deduct mortgage interest on their primary and secondary residences as itemized nonbusiness deductions even though the value of owneroccupied housing services is not included in a taxpayers taxable income. In general, the mortgage interest deduction is limited to interest on debt no greater than the owners basis in the residence, and is also limited to interest on debt of no more than $1 million. Interest on up to $100,000 of other debt secured by a lien on a principal or second residence is also deductible, irrespective of the purpose of borrowing, provided the debt does not exceed the fair market value of the residence. </p>","Description from <a href=""http://www.gpoaccess.gov/usbudget/fy11/pdf/spec.pdf""><em>Analytical Perspectives, Budget of the U.S. Government, Fiscal Year 2011</em>.</a>"
"#+",,"JCT",2001,0,0,0,0,,,,,,,,,,,,,50400,52400,54500,56800,,,,,,,,,,,,,"Deduction for mortgage interest on owner-occupied residences",
"#+",,"JCT",2002,0,0,0,0,0,,,,,,,,,,,,55200,57700,60200,62800,65500,,,,,,,,,,,,"Deduction for mortgage interest on owner-occupied residences",
"#+",,"JCT",2003,,0,0,0,0,0,,,,,,,,,,,,62700,66000,69100,72400,76100,,,,,,,,,,,"Deduction for mortgage interest on owner-occupied residences",
"#+",,"JCT",2004,,,0,0,0,0,0,,,,,,,,,,,,66500,69800,72100,76500,80500,,,,,,,,,,"Deduction for mortgage interest on owner-occupied residences",
"#+",,"JCT",2005,,,,0,0,0,0,0,,,,,,,,,,,,69900,72600,76500,80500,85500,,,,,,,,,"Deduction for mortgage interest on owner-occupied residences",
"#+",,"JCT",2006,,,,,0,0,0,0,0,,,,,,,,,,,,61400,69900,75600,80200,85500,,,,,,,,"Deduction for mortgage interest on owner-occupied residences",
"#+",,"JCT",2007,,,,,,0,0,0,0,0,,,,,,,,,,,,72600,81100,87700,93500,99400,,,,,,,"Deduction for mortgage interest on owner-occupied residences",
"#+",,"JCT",2008,,,,,,,0,0,0,0,0,,,,,,,,,,,,69400,75600,80700,85900,91100,,,,,,"Deduction for mortgage interest on owner-occupied residences",
"#+",,"JCT",2009,,,,,,,,0,0,0,0,0,,,,,,,,,,,,73700,79900,85200,90500,101000,,,,,"Deduction for mortgate interest on owner-occupied residences",
"#+",,"JCT",2010,,,,,,,,,0,0,0,0,0,,,,,,,,,,,,67000,80100,89400,99800,107300,,,,"Deduction for mortgage interest on owner-occupied residences",
"#+",,"JCT",2011,,,,,,,,,,0,0,0,0,0,,,,,,,,,,,,86400,103700,119900,128200,134700,,,"Deduction for mortgage interest on owner-occupied residences",
"#+",41,"Treasury",2000,0,0,0,0,0,,,,,,,,,,,,55100,57590,60415,63425,66615,,,,,,,,,,,,"Deductibility of mortgage interest on owner-occupied homes",
"#+",42,"Treasury",2001,0,0,0,0,0,0,,,,,,,,,,,58815,60925,63240,65955,68965,72160,,,,,,,,,,,"Deductibility of mortgage interest on owner-occupied homes",
"#+",43,"Treasury",2002,0,0,0,0,0,0,0,,,,,,,,,,60270,63190,65750,68050,70470,73100,76150,,,,,,,,,,"Deductibility of mortgage interest on owner-occupied homes",
"#+",41,"Treasury",2003,,0,0,0,0,0,0,0,,,,,,,,,,64510,64190,66110,68070,70870,73560,76870,,,,,,,,,"Deductibility of mortgage interest on owner-occupied homes",
"#+",41,"Treasury",2004,,,0,0,0,0,0,0,0,,,,,,,,,,63590,65540,68440,71870,74790,78160,82650,,,,,,,,"Deductibility of mortgage interest on owner-occupied homes",
"#+",41,"Treasury",2005,,,,0,0,0,0,0,0,0,,,,,,,,,,61160,62590,69740,74800,78420,83030,87920,,,,,,,"Deductibility of mortgage interest on owner-occupied homes",
"#+",44,"Treasury",2006,,,,,0,0,0,0,0,0,0,,,,,,,,,,61450,68870,76030,81990,88990,95770,102760,,,,,,"Deductibility of mortgage interest on owner-occupied homes",
"#+",60,"Treasury",2007,,,,,,0,0,0,0,0,0,0,,,,,,,,,,62160,72060,79860,87820,94490,100980,108280,,,,,"Deductibility of mortgage interest on owner-occupied homes",
"#+",57,"Treasury",2008,,,,,,,0,0,0,0,0,0,0,,,,,,,,,,68330,79940,89430,96250,103540,111440,119600,,,,"Deductibility of mortgage interest on owner-occupied homes",
"#+",56,"Treasury",2009,,,,,,,,0,0,0,0,0,0,0,,,,,,,,,,84850,94790,100810,107020,115280,123130,130440,,,"Deductibility of mortgage interest on owner-occupied homes",
"#+",58,"Treasury",2010,,,,,,,,,,,,,,,,,,,,,,,,,88500,97280,107980,119750,131230,139990,147130,,"Deductibility of mortgage interest on owner-occupied homes",
"#+",57,"Treasury",2011,,,,,,,,,,,,,,,,,,,,,,,,,,79400,92180,104540,116620,127840,139000,149560,"Deductibility of mortgage interest on owner-occupied homes",
"#","Deductibility of State and local property tax on owner-occupied homes",,,,,,,,,,,,,,,,,,,,,,,,,,,,,,,,,,,"<p>Taxes on owner-occupied homes.&mdash;The Tax Code allows owner-occupants of homes to deduct property taxes on their primary and secondary residences even though they are not required to report the value of owner-occupied housing services as gross income. </p>","Description from <a href=""http://www.gpoaccess.gov/usbudget/fy11/pdf/spec.pdf""><em>Analytical Perspectives, Budget of the U.S. Government, Fiscal Year 2011</em>.</a>"
"#+",,"JCT",2001,0,0,0,0,,,,,,,,,,,,,18400,19100,19700,20300,,,,,,,,,,,,,"Deduction for property taxes on owner-occupied residences",
"#+",,"JCT",2002,0,0,0,0,0,,,,,,,,,,,,18900,19600,20300,20900,21600,,,,,,,,,,,,"Deduction for property taxes on owner-occupied residences",
"#+",,"JCT",2003,,0,0,0,0,0,,,,,,,,,,,,21000,21600,22300,23000,23600,,,,,,,,,,,"Deduction for property taxes on owner-occupied residences",
"#+",,"JCT",2004,,,0,0,0,0,0,,,,,,,,,,,,21400,22100,21400,18800,15500,,,,,,,,,,"Deduction for property taxes on owner-occupied residences",
"#+",,"JCT",2005,,,,0,0,0,0,0,,,,,,,,,,,,22100,21700,19000,15400,14000,,,,,,,,,"Deduction for property taxes on owner-occupied residences",
"#+",,"JCT",2006,,,,,0,0,0,0,0,,,,,,,,,,,,18700,16700,15000,14200,13300,,,,,,,,"Deduction for property taxes on owner-occupied residences",
"#+",,"JCT",2007,,,,,,0,0,0,0,0,,,,,,,,,,,,19600,15000,13400,13000,13200,,,,,,,"Deduction for property taxes on owner-occupied residences",
"#+",,"JCT",2008,,,,,,,0,0,0,0,0,,,,,,,,,,,,19900,13800,13500,13400,13200,,,,,,"Deduction for property taxes on owner-occupied residences",
"#+",,"JCT",2009,,,,,,,,0,0,0,0,0,,,,,,,,,,,,16800,14300,14200,13900,27900,,,,,"Deduction for property taxes on owner-occupied residences",
"#+",,"JCT",2010,,,,,,,,,0,0,0,0,0,,,,,,,,,,,,24600,15900,13400,26600,31600,,,,"Deduction for property taxes on real property",
"#+",,"JCT",2011,,,,,,,,,,0,0,0,0,0,,,,,,,,,,,,25100,16400,24900,29300,30000,,,"Deduction for property taxes on real property",
"#+",42,"Treasury",2000,0,0,0,0,0,,,,,,,,,,,,19495,20535,21625,22635,23645,,,,,,,,,,,,"Deductibility of State and local property tax on owner-occupied homes",
"#+",43,"Treasury",2001,0,0,0,0,0,0,,,,,,,,,,,22185,23075,24000,24980,25915,26840,,,,,,,,,,,"Deductibility of State and local property tax on owner-occupied homes",
"#+",44,"Treasury",2002,0,0,0,0,0,0,0,,,,,,,,,,22140,23920,25570,27220,29080,30980,33220,,,,,,,,,,"Deductibility of State and local property tax on owner-occupied homes",
"#+",42,"Treasury",2003,,0,0,0,0,0,0,0,,,,,,,,,,22410,22680,23580,23210,20330,16300,14410,,,,,,,,,"Deductibility of State and local property tax on owner-occupied homes",
"#+",42,"Treasury",2004,,,0,0,0,0,0,0,0,,,,,,,,,,21760,22320,22160,19750,16240,14580,13580,,,,,,,,"Deductibility of State and local property tax on owner-occupied homes",
"#+",42,"Treasury",2005,,,,0,0,0,0,0,0,0,,,,,,,,,,22090,21740,19410,16110,14580,13640,13110,,,,,,,"Deductibility of State and local property tax on owner-occupied homes",
"#+",45,"Treasury",2006,,,,,0,0,0,0,0,0,0,,,,,,,,,,19930,16590,14830,14110,13400,13000,12800,,,,,,"Deductibility of State and local property tax on owner-occupied homes",
"#+",61,"Treasury",2007,,,,,,0,0,0,0,0,0,0,,,,,,,,,,19110,15020,12810,12910,12830,12720,22930,,,,,"Deductibility of State and local property tax on owner-occupied homes",
"#+",58,"Treasury",2008,,,,,,,0,0,0,0,0,0,0,,,,,,,,,,21260,15540,12620,12590,12580,22440,27770,,,,"Deductibility of State and local property tax on owner-occupied homes",
"#+",57,"Treasury",2009,,,,,,,,0,0,0,0,0,0,0,,,,,,,,,,19120,16360,16640,16820,28230,34570,35400,,,"Deductibility of State and local property tax on owner-occupied homes",
"#+",59,"Treasury",2010,,,,,,,,,,,,,,,,,,,,,,,,,29130,20850,14980,24550,30630,31870,32540,,"Deductibility of State and local property tax on owner-occupied homes",
"#+",58,"Treasury",2011,,,,,,,,,,,,,,,,,,,,,,,,,,29010,18860,23710,29730,31340,32700,33690,"Deductibility of State and local property tax on owner-occupied homes",
"#","Deduction for premiums for qualified mortgage insurance",,,,,,,,,,,,,,,,,,,,,,,,,,,,,,,,,,,"<p>Deduction for premiums for qualified mortgage insurance.&mdash;Qualified mortgage insurance premiums paid with respect to a qualified residence can be treated as residence interest and is therefore tax deductible. The deduction is phased out for taxpayers with adjusted gross income from $100,000 to $110,000. For the purposes of this deduction, qualified mortgage insurance means mortgage insurance obtained from the Veterans Administration (VA), the Federal Housing Authority (FHA), the Rural Housing Administration (RHA), and private mortgage insurance as defined by the Homeowners Protection Act of 1988.</p>","Description from <a href=""http://frwebgate.access.gpo.gov/cgi-bin/getdoc.cgi?dbname=110_cong_senate_committee_prints&docid=f:45728.pdf""><em>Tax Expenditures: Compendium of Background Materials on Individual Provisions</em></a>, Congressional Research Service, December 2008, Washington, DC: U.S. Government Printing Office."
"#+",,"JCT",2009,,,,,,,,0,0,0,0,0,,,,,,,,,,,,"<50",100,"<50","<50","<50",,,,,"Deduction for premiums for qualified mortgage insurance",
"#+",,"JCT",2010,,,,,,,,,0,0,0,0,0,,,,,,,,,,,,100,200,200,0,0,,,,"Deduction for premiums for qualified mortgage insurance",
"#+",,"JCT",2011,,,,,,,,,,0,0,0,0,0,,,,,,,,,,,,100,200,200,0,0,,,"Deduction for premiums for qualified mortgage insurance",
"#","Deferral of income from installment sales",,,,,,,,,,,,,,,,,,,,,,,,,,,,,,,,,,,"<p>Installment sales.&mdash;The baseline tax system generally would tax all income under the regular tax rate schedule. It would not allow preferentially low (or zero) tax rates, or deferral of tax, to apply to certain types or sources of income. Dealers in real and personal property (i.e., sellers who regularly hold property for sale or resale) cannot defer taxable income from installment sales until the receipt of the loan repayment. Nondealers (i.e., sellers of real property used in their business) are required to pay interest on deferred taxes attributable to their total installment obligations in excess of $5 million. Only properties with sales prices exceeding $150,000 are includable in the total. The payment of a market rate of interest eliminates the benefit of the tax deferral. The tax exemption for nondealers with total installment obligations of less than $5 million is, therefore, a tax expenditure. </p>","Description from <a href=""http://www.gpoaccess.gov/usbudget/fy11/pdf/spec.pdf""><em>Analytical Perspectives, Budget of the U.S. Government, Fiscal Year 2011</em>.</a>"
"#+",43,"Treasury",2000,265,270,275,280,285,,,,,,,,,,,,750,765,780,795,810,,,,,,,,,,,,"Deferral of income from post-1987 installment sales",
"#+",44,"Treasury",2001,265,270,275,280,285,290,,,,,,,,,,,750,765,780,795,810,825,,,,,,,,,,,"Deferral of income from post-1987 installment sales",
"#+",45,"Treasury",2002,260,270,270,280,280,290,290,,,,,,,,,,750,765,780,790,810,820,840,,,,,,,,,,"Deferral of income from post-1987 installment sales",
"#+",43,"Treasury",2003,,270,270,280,290,290,300,300,,,,,,,,,,770,780,800,810,830,840,860,,,,,,,,,"Deferral of income from post-1987 installment sales",
"#+",43,"Treasury",2004,,,270,280,290,290,300,300,310,,,,,,,,,,780,800,810,830,840,860,880,,,,,,,,"Deferral of income from post-1987 installment sales",
"#+",43,"Treasury",2005,,,,280,290,290,300,300,310,310,,,,,,,,,,800,810,830,840,860,880,890,,,,,,,"Deferral of income from post-1987 installment sales",
"#+",46,"Treasury",2006,,,,,290,290,300,300,310,310,320,,,,,,,,,,810,830,840,860,880,890,1000,,,,,,"Deferral of income from post-1987 installment sales",
"#+",62,"Treasury",2007,,,,,,290,290,300,300,310,310,310,,,,,,,,,,830,840,860,880,890,1000,1120,,,,,"Deferral of income from post-1987 installment sales",
"#+",59,"Treasury",2008,,,,,,,310,310,310,320,320,320,330,,,,,,,,,,880,900,920,930,1050,1180,1320,,,,"Deferral of income from installment sales",
"#+",58,"Treasury",2009,,,,,,,,310,310,320,320,320,330,330,,,,,,,,,,900,920,930,1050,1180,1320,1480,,,"Deferral of income from installment sales",
"#+",60,"Treasury",2010,,,,,,,,,310,320,320,320,330,330,330,,,,,,,,,,920,930,1050,1180,1320,1480,1620,,"Deferral of income from installment sales",
"#+",59,"Treasury",2011,,,,,,,,,,,,,,,,,,,,,,,,,,720,720,810,880,1020,1150,1260,"Deferral of income from installment sales",
"#","Discharge of mortgage indebtedness",,,,,,,,,,,,,,,,,,,,,,,,,,,,,,,,,,,"<p>Discharge of mortgage indebtedness.&mdash;The baseline tax system generally would tax all income under the regular tax rate schedule. It would not allow preferentially low (or zero) tax rates to apply to certain types or sources of income. In contrast, the Tax Code allows an exclusion from the income of a taxpayer any discharge of indebtedness of a qualified principal residence. The provision sunsets on December 31, 2012. </p>","Description from <a href=""http://www.gpoaccess.gov/usbudget/fy11/pdf/spec.pdf""><em>Analytical Perspectives, Budget of the U.S. Government, Fiscal Year 2011</em>.</a>"
"#+",,"JCT",2010,,,,,,,,,0,0,0,0,0,,,,,,,,,,,,200,300,200,200,100,,,,"Exclusion of income attributable to the discharge of principal residence acquisition indebtedness",
"#+",,"JCT",2011,,,,,,,,,,0,0,0,0,0,,,,,,,,,,,,700,600,300,100,"<50",,,"Exclusion of income attributable to the discharge of principal residence acquisition indebtedness",
"#+",64,"Treasury",2009,,,,,,,,0,0,0,0,0,0,0,,,,,,,,,,0,293,239,176,0,0,0,,,"Discharge of mortgage indebtedness",
"#+",66,"Treasury",2010,,,,,,,,,,,,,,,,,,,,,,,,,310,330,260,190,140,80,0,,"Discharge of mortgage indebtedness",
"#+",65,"Treasury",2011,,,,,,,,,,,,,,,,,,,,,,,,,,360,260,200,180,120,0,0,"Discharge of mortgage indebtedness",
"#","Exception from passive loss rules for $25,000 of rental loss",,,,,,,,,,,,,,,,,,,,,,,,,,,,,,,,,,,"<p>Passive loss real estate exemption.&mdash;The baseline tax system accepts current laws general rule limiting taxpayers ability to deduct losses from passive activities against nonpassive income (e.g., wages, interest, and dividends). Passive activities generally are defined as those in which the taxpayer does not materially participate and there are numerous additional considerations brought to bear on the determination of which activities are passive for a given taxpayer. Losses are limited in an attempt to limit tax sheltering activities. Passive losses that are unused may be carried forward and applied against future passive income. </p><p>In contrast to the general restrictions on passive losses, the Tax Code exempts owners of rental real estate activities from passive income limitations. The exemption is limited to $25,000 in losses and phases out for taxpayers with income between $100,000 and $150,000. </p>","Description from <a href=""http://www.gpoaccess.gov/usbudget/fy11/pdf/spec.pdf""><em>Analytical Perspectives, Budget of the U.S. Government, Fiscal Year 2011</em>.</a>"
"#+",45,"Treasury",2000,0,0,0,0,0,,,,,,,,,,,,4215,4000,3785,3575,3375,,,,,,,,,,,,"Exception from passive loss rules for $25,000 of rental loss",
"#+",46,"Treasury",2001,0,0,0,0,0,0,,,,,,,,,,,5035,4790,4555,4330,4100,3885,,,,,,,,,,,"Exception from passive loss rules for $25,000 of rental loss",
"#+",47,"Treasury",2002,0,0,0,0,0,0,0,,,,,,,,,,4720,4450,4220,4000,3790,3600,3410,,,,,,,,,,"Exception from passive loss rules for $25,000 of rental loss",
"#+",45,"Treasury",2003,,0,0,0,0,0,0,0,,,,,,,,,,4800,4400,4070,3780,3530,3290,3090,,,,,,,,,"Exception from passive loss rules for $25,000 of rental loss",
"#+",45,"Treasury",2004,,,0,0,0,0,0,0,0,,,,,,,,,,5690,5270,4920,4600,4290,4020,3790,,,,,,,,"Exception from passive loss rules for $25,000 of rental loss",
"#+",45,"Treasury",2005,,,,0,0,0,0,0,0,0,,,,,,,,,,5710,4570,4390,4210,4020,3840,3660,,,,,,,"Exception from passive loss rules for $25,000 of rental loss",
"#+",49,"Treasury",2006,,,,,0,0,0,0,0,0,0,,,,,,,,,,5030,4900,4750,4580,4410,4240,4080,,,,,,"Exception from passive loss rules for $25,000 of rental loss",
"#+",65,"Treasury",2007,,,,,,0,0,0,0,0,0,0,,,,,,,,,,6470,6370,6230,6060,5880,5700,5510,,,,,"Exception from passive loss rules for $25,000 of rental loss",
"#+",62,"Treasury",2008,,,,,,,0,0,0,0,0,0,0,,,,,,,,,,6590,7150,7520,7790,7990,8150,8300,,,,"Exception from passive loss rules for $25,000 of rental loss",
"#+",61,"Treasury",2009,,,,,,,,0,0,0,0,0,0,0,,,,,,,,,,7840,8430,8840,9160,9580,10090,10240,,,"Exception from passive loss rules for $25,000 of rental loss",
"#+",63,"Treasury",2010,,,,,,,,,,,,,,,,,,,,,,,,,8430,8840,9160,9580,10090,10240,10620,,"Exception from passive loss rules for $25,000 of rental loss",
"#+",62,"Treasury",2011,,,,,,,,,,,,,,,,,,,,,,,,,,6020,5910,7330,8510,9670,11120,13010,"Exception from passive loss rules for $25,000 of rental loss",
"#","Exclusion of interest on owner-occupied mortgage subsidy bonds",,,,,,,,,,,,,,,,,,,,,,,,,,,,,,,,,,,"<p>Mortgage housing bonds.&mdash;The baseline tax system generally would tax all income under the regular tax rate schedule. It would not allow preferentially low (or zero) tax rates to apply to certain types or sources of income. In contrast, the Tax Code allows interest earned on State and local bonds used to finance homes purchased by first-time, low-to-moderate-income buyers to be exempt. These bonds are generally subject to the State privateactivity-bond annual volume cap. </p>","Description from <a href=""http://www.gpoaccess.gov/usbudget/fy11/pdf/spec.pdf""><em>Analytical Perspectives, Budget of the U.S. Government, Fiscal Year 2011</em>.</a>"
"#+",,"JCT",2001,600,600,700,700,,,,,,,,,,,,,1500,1500,1600,1700,,,,,,,,,,,,,"Exclusion of interest on State and local government bonds for owner-occupied housing",
"#+",,"JCT",2002,200,200,200,200,300,,,,,,,,,,,,600,600,600,600,600,,,,,,,,,,,,"Exclusion of interest on State and local government bonds for owner-occupied housing",
"#+",,"JCT",2003,,300,300,300,300,300,,,,,,,,,,,,800,800,800,700,700,,,,,,,,,,,"Exclusion of interest on State and local government bonds for owner-occupied housing",
"#+",,"JCT",2004,,,300,300,300,300,300,,,,,,,,,,,,700,800,800,800,800,,,,,,,,,,"Exclusion of interest on State and local government bonds for owner-occupied housing",
"#+",,"JCT",2005,,,,300,300,300,300,300,,,,,,,,,,,,700,800,800,800,800,,,,,,,,,"Exclusion of interest on State and local government bonds for owner-occupied housing",
"#+",,"JCT",2006,,,,,300,300,300,300,300,,,,,,,,,,,,800,900,900,900,900,,,,,,,,"Exclusion of interest on State and local government bonds for owner-occupied housing",
"#+",,"JCT",2007,,,,,,300,400,400,400,400,,,,,,,,,,,,900,900,1000,1000,1100,,,,,,,"Exclusion of interest on State and local government bonds for owner-occupied housing",
"#+",,"JCT",2008,,,,,,,300,400,400,400,400,,,,,,,,,,,,900,1000,1000,1100,1100,,,,,,"Exclusion of interest on State and local government qualified private activity bonds for owner-occupied housing",
"#+",,"JCT",2009,,,,,,,,400,400,400,400,400,,,,,,,,,,,,900,1000,1100,1100,1200,,,,,"Exclusion of interest on State and local government qualified private activity bonds for owner-occupied housing",
"#+",,"JCT",2010,,,,,,,,,400,400,400,400,500,,,,,,,,,,,,900,900,1000,1100,1200,,,,"Exclusion of interest on State and local government qualified private activity bonds for owner-occupied housing",
"#+",,"JCT",2011,,,,,,,,,,400,400,400,400,400,,,,,,,,,,,,1000,1000,1100,1100,1100,,,"Exclusion of interest on State and local government qualified private activity bonds for owner-occupied housing",
"#+",39,"Treasury",2000,230,230,235,235,240,,,,,,,,,,,,650,655,665,670,675,,,,,,,,,,,,"Exclusion of interest on owner-occupied mortgage subsidy bonds",
"#+",40,"Treasury",2001,230,230,235,235,240,240,,,,,,,,,,,685,690,695,705,710,715,,,,,,,,,,,"Exclusion of interest on owner-occupied mortgage subsidy bonds",
"#+",41,"Treasury",2002,200,200,210,220,250,270,290,,,,,,,,,,590,600,610,650,740,820,910,,,,,,,,,,"Exclusion of interest on owneroccupied mortgage subsidy bonds",
"#+",39,"Treasury",2003,,200,210,210,220,230,230,240,,,,,,,,,,600,620,660,740,820,910,1000,,,,,,,,,"Exclusion of interest on owneroccupied mortgage subsidy bonds",
"#+",39,"Treasury",2004,,,210,220,230,230,240,250,260,,,,,,,,,,660,740,820,910,970,1020,1100,,,,,,,,"Exclusion of interest on owner-occupied mortgage subsidy bonds",
"#+",39,"Treasury",2005,,,,200,200,210,220,220,230,240,,,,,,,,,,710,790,870,930,980,1050,1080,,,,,,,"Exclusion of interest on owner-occupied mortgage subsidy bonds",
"#+",42,"Treasury",2006,,,,,220,230,230,240,250,250,260,,,,,,,,,,800,880,950,990,1070,1100,1130,,,,,,"Exclusion of interest on owner-occupied mortgage subsidy bonds",
"#+",58,"Treasury",2007,,,,,,200,210,210,220,230,230,240,,,,,,,,,,730,780,830,920,980,1010,1040,,,,,"Exclusion of interest on owner-occupied mortgage subsidy bonds",
"#+",55,"Treasury",2008,,,,,,,280,310,330,340,350,360,370,,,,,,,,,,890,990,1060,1090,1120,1150,1190,,,,"Exclusion of interest on owner-occupied mortgage subsidy bonds",
"#+",54,"Treasury",2009,,,,,,,,280,300,310,320,330,340,350,,,,,,,,,,620,660,680,700,730,750,770,,,"Exclusion of interest on owner-occupied mortgage subsidy bonds",
"#+",56,"Treasury",2010,,,,,,,,,200,330,340,350,360,370,390,,,,,,,,,,260,660,690,760,820,850,880,,"Exclusion of interest on owner-occupied mortgage subsidy bonds",
"#+",55,"Treasury",2011,,,,,,,,,,200,220,400,510,510,520,550,,,,,,,,,,760,650,790,960,1030,1090,1160,"Exclusion of interest on owner-occupied mortgage subsidy bonds",
"#","Exclusion of interest on rental housing bonds",,,,,,,,,,,,,,,,,,,,,,,,,,,,,,,,,,,"<p>Rental housing bonds.&mdash;The baseline tax system generally would tax all income under the regular tax rate schedule. It would not allow preferentially low (or zero) tax rates to apply to certain types or sources of income. In contrast, the Tax Code allows interest earned on State and local government bonds used to finance multifamily rental housing projects to be tax-exempt. </p>","Description from <a href=""http://www.gpoaccess.gov/usbudget/fy11/pdf/spec.pdf""><em>Analytical Perspectives, Budget of the U.S. Government, Fiscal Year 2011</em>.</a>"
"#+",,"JCT",2001,300,300,300,300,,,,,,,,,,,,,800,800,800,800,,,,,,,,,,,,,"Exclusion of interest on State and local government bonds for rental housing",
"#+",,"JCT",2002,100,100,100,100,100,,,,,,,,,,,,100,100,100,100,100,,,,,,,,,,,,"Exclusion of interest on State and local government bonds for rental housing",
"#+",,"JCT",2003,,100,100,100,100,100,,,,,,,,,,,,200,200,200,100,100,,,,,,,,,,,"Exclusion of interest on State and local government bonds for rental housing",
"#+",,"JCT",2004,,,100,100,100,100,100,,,,,,,,,,,,100,100,200,200,200,,,,,,,,,,"Exclusion of interest on State and local government bonds for rental housing",
"#+",,"JCT",2005,,,,100,100,100,100,100,,,,,,,,,,,,200,200,200,200,200,,,,,,,,,"Exclusion of interest on State and local government bonds for rental housing",
"#+",,"JCT",2006,,,,,100,100,100,100,100,,,,,,,,,,,,200,200,200,200,200,,,,,,,,"Exclusion of interest on State and local government bonds for rental housing",
"#+",,"JCT",2007,,,,,,100,100,100,100,100,,,,,,,,,,,,200,200,200,200,200,,,,,,,"Exclusion of interest on State and local government bonds for rental housing",
"#+",,"JCT",2008,,,,,,,200,200,200,200,200,,,,,,,,,,,,500,500,500,600,600,,,,,,"Exclusion of interest on State and local government qualified private activity bonds for rental housing",
"#+",,"JCT",2009,,,,,,,,200,200,200,200,200,,,,,,,,,,,,500,500,600,600,600,,,,,"Exclusion of interest on State and local government qualified private activity bonds for rental housing",
"#+",,"JCT",2010,,,,,,,,,200,200,200,300,300,,,,,,,,,,,,600,600,600,700,700,,,,"Exclusion of interest on State and local government qualified private activity bonds for rental housing",
"#+",,"JCT",2011,,,,,,,,,,200,300,300,300,300,,,,,,,,,,,,600,600,700,700,700,,,"Exclusion of interest on State and local government qualified private activity bonds for rental housing",
"#+",40,"Treasury",2000,40,40,40,40,40,,,,,,,,,,,,110,110,115,115,115,,,,,,,,,,,,"Exclusion of interest on rental housing bonds",
"#+",41,"Treasury",2001,40,40,40,40,40,40,,,,,,,,,,,115,120,120,120,120,120,,,,,,,,,,,"Exclusion of interest on rental housing bonds",
"#+",42,"Treasury",2002,40,40,40,40,50,60,70,,,,,,,,,,120,120,130,130,150,170,190,,,,,,,,,,"Exclusion of interest on rental housing bonds",
"#+",40,"Treasury",2003,,40,40,40,50,50,50,50,,,,,,,,,,120,130,140,150,170,190,210,,,,,,,,,"Exclusion of interest on rental housing bonds",
"#+",40,"Treasury",2004,,,40,50,50,50,50,50,50,,,,,,,,,,140,150,170,190,200,210,230,,,,,,,,"Exclusion of interest on rental housing bonds",
"#+",40,"Treasury",2005,,,,60,60,70,70,70,70,70,,,,,,,,,,220,250,280,300,310,330,340,,,,,,,"Exclusion of interest on rental housing bonds",
"#+",43,"Treasury",2006,,,,,80,80,80,80,90,90,90,,,,,,,,,,280,310,330,340,370,380,390,,,,,,"Exclusion of interest on rental housing bonds",
"#+",59,"Treasury",2007,,,,,,90,90,90,100,100,100,100,,,,,,,,,,320,340,360,400,430,440,450,,,,,"Exclusion of interest on rental housing bonds",
"#+",56,"Treasury",2008,,,,,,,230,260,270,280,290,300,310,,,,,,,,,,740,830,880,900,930,960,990,,,,"Exclusion of interest on rental housing bonds",
"#+",55,"Treasury",2009,,,,,,,,260,270,280,290,300,310,320,,,,,,,,,,570,610,620,640,660,680,700,,,"Exclusion of interest on rental housing bonds",
"#+",57,"Treasury",2010,,,,,,,,,180,300,310,320,320,330,340,,,,,,,,,,230,590,620,680,740,760,780,,"Exclusion of interest on rental housing bonds",
"#+",56,"Treasury",2011,,,,,,,,,,170,180,340,430,430,440,470,,,,,,,,,,640,550,670,810,870,930,980,"Exclusion of interest on rental housing bonds",
"#","Exclusion of net imputed rental income",,,,,,,,,,,,,,,,,,,,,,,,,,,,,,,,,,,"<p>Imputed net rental income on owner-occupied housing.&mdash;The baseline tax system generally would tax all income under the regular tax rate schedule. It would not allow preferentially low (or zero) tax rates to apply to certain types or sources of income. Under current law, the implicit rental value of home ownership, net of expenses such as mortgage interest and depreciation, is excluded from income. </p>","Description from <a href=""http://www.gpoaccess.gov/usbudget/fy11/pdf/spec.pdf""><em>Analytical Perspectives, Budget of the U.S. Government, Fiscal Year 2011</em>.</a>"
"#+",48,"Treasury",2006,,,,,0,0,0,0,0,0,0,,,,,,,,,,24590,28600,29720,33210,36860,40630,44786,,,,,,"Exclusion of net imputed rental income on owner-occupied homes",
"#+",64,"Treasury",2007,,,,,,0,0,0,0,0,0,0,,,,,,,,,,28600,29720,33210,36860,40630,44785,49364,,,,,"Exclusion of net imputed rental income",
"#+",61,"Treasury",2008,,,,,,,0,0,0,0,0,0,0,,,,,,,,,,28780,32110,35680,39440,43596,48190,53269,,,,"Exclusion of net imputed rental income",
"#+",60,"Treasury",2009,,,,,,,,0,0,0,0,0,0,0,,,,,,,,,,3890,5440,7550,10478,14543,20183,28012,,,"Exclusion of net imputed rental income",
"#+",62,"Treasury",2010,,,,,,,,,,,,,,,,,,,,,,,,,-1720,-5850,-2200,2230,3680,4390,5720,,"Exclusion of net imputed rental income",
"#+",61,"Treasury",2011,,,,,,,,,,,,,,,,,,,,,,,,,,27040,32530,37630,40810,41020,48330,56100,"Exclusion of net imputed rental income",
"#","Increased standard deduction for real property taxes",,,,,,,,,,,,,,,,,,,,,,,,,,,,,,,,,,,"<p>Deduction for property taxes on owner-occupied residences.&mdash;Taxpayers may claim an itemized deduction for property taxes paid on owner-occupied residences. Taxpayers that do not itemize and pay property taxes may take a deduction in addition to the standard deduction of up to $500 ($250 for single filers). For more on the additional property tax deduction, see the entry titled the â€œIncreased Standard Deduction for Real Property Taxes.</p>","Description from <a href=""http://frwebgate.access.gpo.gov/cgi-bin/getdoc.cgi?dbname=110_cong_senate_committee_prints&docid=f:45728.pdf""><em>Tax Expenditures: Compendium of Background Materials on Individual Provisions</em></a>, Congressional Research Service, December 2008, Washington, DC: U.S. Government Printing Office."
"#+",,"JCT",2010,,,,,,,,,0,0,0,0,0,,,,,,,,,,,,900,2500,400,0,0,,,,"Increased standard deduction for real property taxes",
"#+",,"JCT",2011,,,,,,,,,,0,0,0,0,0,,,,,,,,,,,,1900,500,0,0,0,,,"Increased standard deduction for real property taxes",
"#","Tax credit for first-time homebuyers in the District of Columbia",,,,,,,,,,,,,,,,,,,,,,,,,,,,,,,,,,,"<p>Tax credit for first-time homebuyers in the District of Columbia.&mdash;The Tax Credit for First-Time District of Columbia Homebuyers (TCDCH) allows a non-refundable credit against federal taxes of up to $5,000 for the first-time purchase of a principal residence in the District of Columbia. The credit applies to both individuals and married couples filing jointly. The credit is phased out for individuals earning from $70,000 to $90,000 and for joint filers earning from $110,000 to $130,000. The credit is available only once for homebuyers who acquired title to a qualifying principal residence after August 4, 1997 and before December 31, 2005.</p>","Description from <a href=""http://www.gpo.gov/fdsys/pkg/CPRT-109SPRT31188/pdf/CPRT-109SPRT31188.pdf""><em>Tax Expenditures: Compendium of Background Materials on Individual Provisions</em></a>, Congressional Research Service, December 2006, Washington, DC: U.S. Government Printing Office."
"#+",,"JCT",2001,0,0,0,0,,,,,,,,,,,,,"<50","<50",0,0,,,,,,,,,,,,,"Tax credit for first-time homebuyers in the District of Columbia",
"#+",,"JCT",2002,0,0,0,0,0,,,,,,,,,,,,"<50","<50","<50","<50","<50",,,,,,,,,,,,"Tax credit for first-time homebuyers in the District of Columbia",
"#+",,"JCT",2003,,0,0,0,0,0,,,,,,,,,,,,"<50","<50","<50",0,0,,,,,,,,,,,"Tax credit for first-time homebuyers in the District of Columbia",
"#+",,"JCT",2004,,,0,0,0,0,0,,,,,,,,,,,,"<50","<50","<50",0,0,,,,,,,,,,"Tax credit for first-time homebuyers in the District of Columbia",
"#+",,"JCT",2005,,,,0,0,0,0,0,,,,,,,,,,,,"<50","<50","<50","<50","<50",,,,,,,,,"Tax credit for first-time homebuyers in the District of Columbia",
"#","Tax credit for Gulf Opportunity Zone employers providing in-kind lodging for employees and income exclusion for the employees",,,,,,,,,,,,,,,,,,,,,,,,,,,,,,,,,,,"<p>Employer housing for individuals affected by Hurricane Katrina.&mdash;A temporary income exclusion is available for the value of in-kind lodging provided to a qualified employee (and the employee's spouse or dependents) by, or on behalf of, a qualified employer. The amount of the exclusion for any month for which lodging is furnished cannot exceed $600. The exclusion does not apply for purposes of Social Security and Medicare taxes or unemployment tax. Qualified employers providing in-kind lodging to qualified employees may claim a credit equal to 30 percent of the amount of the expense. The remainder of the cost may be deducted.</p>","Description from <a href=""http://frwebgate.access.gpo.gov/cgi-bin/getdoc.cgi?dbname=110_cong_senate_committee_prints&docid=f:45728.pdf""><em>Tax Expenditures: Compendium of Background Materials on Individual Provisions</em></a>, Congressional Research Service, December 2008, Washington, DC: U.S. Government Printing Office."
"#+",,"JCT",2008,,,,,,,100,"<50",0,0,0,,,,,,,,,,,,100,"<50",0,0,0,,,,,,"Tax credit for Gulf Opportunity Zone employers providing in-kind lodging for employees and income exclusion for the employees",
"#+",,"JCT",2009,,,,,,,,100,0,0,0,0,,,,,,,,,,,,100,0,0,0,0,,,,,"Tax credit for Gulf Opportunity Zone employers providing in-kind lodging for employees and income exclusion for the employees",
