Date,Name,Price Paid,Pricing Mechanism,Description,Transaction Type,FDIC Number,OTS Number,Type of Institution,Total Assets (Q4 2008),Regulator,City,State,Stock Symbol,Program,Warrant Strike Price,Warrant Received,Stock Price (as of close 2009-04-08),In/Out of Money (as of close 2009-04-08),Subsidy Rate Estimate (percentage),Subsidy Rate Estimate Date,Subsidy Rate Estimate Source
2009-03-31,Bank of Marin Bancorp,-28000000.00,Par,Preferred Stock W/ Warrants,Repayment,3590388,,holding company,1049536000.00,Federal Reserve,Novato,CA,BMRC,CPP,,,23.25,,,,
2009-03-31,"Centra Financial Holdings, Inc./Centra Bank, Inc.",-15000000.00,Par,Preferred Stock w/ Exercised Warrants,Repayment,2856498,,holding company,1212748000.00,Federal Reserve,Morgantown,WV,,CPP,,,,,,,
2009-03-31,Iberiabank,-90000000.00,Par,Preferred Stock W/ Warrants,Repayment,28100,,bank,3864600000.00,Federal Reserve,Lafayette,LA,,CPP,,,,,,,
2009-03-31,Old National Bancorp,-100000000.00,Par,Preferred Stock W/ Warrants,Repayment,1098303,,holding company,7712867000.00,Federal Reserve,Evansville,IN,ONB,CPP,,,12.96,,,,
2009-03-31,Signature Bank,-120000000.00,Par,Preferred Stock W/ Warrants,Repayment,57053,,bank,6699455000.00,FDIC,New York,NY,SBNY,CPP,,,25.30,,,,
2009-03-27,ALPINE BANKS OF COLORADO,70000000.00,Par,Preferred Stock w/ Exercised Warrants,Purchase,1061679,,holding company,2682098000.00,,Glenwood Springs,CO,,CPP,,,,,,,
2009-03-27,CBS BANC-CORP.,24300000.00,Par,Preferred Stock w/ Exercised Warrants,Purchase,1493654,,holding company,1340219000.00,,Russellville,AL,,CPP,,,,,,,
2009-03-27,"CLOVER COMMUNITY BANKSHARES, INC.",3000000.00,Par,Preferred Stock w/ Exercised Warrants,Purchase,2684338,,holding company,136800000.00,,Clover,SC,,CPP,,,,,,,
2009-03-27,Colonial American Bank,574000.00,Par,Preferred Stock w/ Exercised Warrants,Purchase,58412,,bank,36564000.00,FDIC,West Conshohocke,PA,,CPP,,,,,,,
2009-03-27,CSRA BANK CORP.,2400000.00,Par,Preferred Stock w/ Exercised Warrants,Purchase,1493672,,holding company,110414000.00,,Wrens,GA,,CPP,,,,,,,
2009-03-27,"IBT BANCORP, INC.",2295000.00,Par,Preferred Stock w/ Exercised Warrants,Purchase,3129881,,holding company,93468000.00,,Irving,TX,,CPP,,,,,,,
2009-03-27,Maryland Financial Bank,1700000.00,Par,Preferred Stock w/ Exercised Warrants,Purchase,57821,,bank,63589000.00,FDIC,Towson,MD,,CPP,,,,,,,
2009-03-27,"MS FINANCIAL, INC.",7723000.00,Par,Preferred Stock w/ Exercised Warrants,Purchase,3536498,,holding company,294869000.00,,Kingwood,TX,,CPP,,,,,,,
2009-03-27,"NAPLES BANCORP, INC.",4000000.00,Par,Preferred Stock w/ Exercised Warrants,Purchase,3238596,,holding company,157103000.00,,Naples,FL,,CPP,,,,,,,
2009-03-27,PATHWAY BANCORP,3727000.00,Par,Preferred Stock w/ Exercised Warrants,Purchase,3304361,,holding company,153859000.00,,Cairo,NE,,CPP,,,,,,,
2009-03-27,"SBT BANCORP, INC.",4000000.00,Par,Preferred Stock w/ Exercised Warrants,Purchase,3385100,,holding company,240699000.00,,Simsbury,CT,,CPP,,,,,,,
2009-03-27,"SPIRIT BANKCORP, INC.",30000000.00,Par,Preferred Stock w/ Exercised Warrants,Purchase,1062135,,holding company,1265063000.00,,Bristow,OK,,CPP,,,,,,,
2009-03-27,"TRIAD BANCORP, INC.",3700000.00,Par,Preferred Stock w/ Exercised Warrants,Purchase,3722376,,holding company,146340000.00,,Frontenac,MO,,CPP,,,,,,,
2009-03-27,TRINITY CAPITAL CORPORATION,35539000.00,Par,Preferred Stock w/ Exercised Warrants,Purchase,1056161,,holding company,1409958000.00,,Los Alamos,NM,,CPP,,,,,,,
2009-03-20,Citizens Bank & Trust Company,2400000.00,Par,Preferred Stock w/ Exercised Warrants,Purchase,16417,,bank,129320000.00,FDIC,Covington,LA,,CPP,,,,,,,
2009-03-20,"COMMUNITY FIRST BANCSHARES, INC.",20000000.00,Par,Preferred Stock w/ Exercised Warrants,Purchase,1140659,,holding company,1348746000.00,,Union City,TN,,CPP,,,,,,,
2009-03-20,FARMERS AND MERCHANTS FINANCIAL CORPORATION,442000.00,Par,Preferred Stock w/ Exercised Warrants,Purchase,1059694,,holding company,22709000.00,,Argonia,KS,,CPP,,,,,,,
2009-03-20,"FARMERS STATE BANKSHARES, INC.",700000.00,Par,Preferred Stock w/ Exercised Warrants,Purchase,1717707,,holding company,45528000.00,,Holton,KS,,CPP,,,,,,,
2009-03-20,"FIRST COLEBROOK BANCORP, INC.",4500000.00,Par,Preferred Stock w/ Exercised Warrants,Purchase,1132636,,holding company,194128000.00,,Colebrook,NH,,CPP,,,,,,,
2009-03-20,FIRST NBC BANK HOLDING COMPANY,17836000.00,Par,Preferred Stock w/ Exercised Warrants,Purchase,3485541,,holding company,641026000.00,,New Orleans,LA,,CPP,,,,,,,
2009-03-20,HERITAGE OAKS BANCORP,21000000.00,Par,Preferred Stock w/Warrants,Purchase,2253529,,holding company,803809000.00,,Paso Robles,CA,,CPP,,,,,,,
2009-03-20,"KIRKSVILLE BANCORP, INC.",470000.00,Par,Preferred Stock w/ Exercised Warrants,Purchase,3357938,,holding company,21772000.00,,Kirksville,MO,,CPP,,,,,,,
2009-03-20,"PEOPLES BANCSHARES OF TN, INC.",3900000.00,Par,Preferred Stock w/ Exercised Warrants,Purchase,3403161,,holding company,175754000.00,,Madisonville,TN,,CPP,,,,,,,
2009-03-20,PREMIER BANK HOLDING COMPANY,9500000.00,Par,Preferred Stock w/ Exercised Warrants,Purchase,2815468,,holding company,430848000.00,,Tallahassee,FL,,CPP,,,,,,,
2009-03-13,"1st United Bancorp, Inc.",10000000.00,Par,Preferred Stock w/ Exercised Warrants,Purchase,2860431,,holding company,618037000.00,,Boca Raton,FL,,CPP,,,,,,,
2009-03-13,"BancIndependent, Inc.",21100000.00,Par,Preferred Stock w/ Exercised Warrants,Purchase,1082209,,holding company,898455000.00,,Sheffield,AL,,CPP,,,,,,,
2009-03-13,Bank of George,2672000.00,Par,Preferred Stock w/ Exercised Warrants,Purchase,58626,,bank,101328000.00,FDIC,Las Vegas,NV,,CPP,,,,,,,
2009-03-13,"Blackhawk Bancorp, Inc.",10000000.00,Par,Preferred Stock w/ Exercised Warrants,Purchase,1491913,,holding company,500257000.00,,Beloit,WI,,CPP,,,,,,,
2009-03-13,"Butler Point, Inc.",607000.00,Par,Preferred Stock w/ Exercised Warrants,Purchase,1246793,,holding company,40840000.00,,Catlin,IL,,CPP,,,,,,,
2009-03-13,Discover Financial Services,1224558000.00,Par,Preferred Stock w/Warrants,Purchase,,,bank,,,Riverwoods,IL,,CPP,,,,,,,
2009-03-13,First American International Corp.,17000000.00,Par,Preferred Stock,Purchase,3266302,,holding company,604374000.00,,Brooklyn,NY,,CPP,,,,,,,
2009-03-13,First Intercontinental Bank,6398000.00,Par,Preferred Stock w/ Exercised Warrants,Purchase,34998,,bank,235316000.00,FDIC,Doraville,GA,,CPP,,,,,,,
2009-03-13,First National Corporation,13900000.00,Par,Preferred Stock w/ Exercised Warrants,Purchase,1076123,,holding company,547356000.00,,Strasburg,VA,,CPP,,,,,,,
2009-03-13,First Northern Community Bancorp,17390000.00,Par,Preferred Stock w/Warrants,Purchase,2880626,,holding company,670796000.00,,Dixon,CA,,CPP,,,,,,,
2009-03-13,First Place Financial Corp.,72927000.00,Par,Preferred Stock w/Warrants,Purchase,876371,H3282,thrift holding company,3186505000.00,Thrift,Warren,OH,,CPP,,,,,,,
2009-03-13,"Haviland Bancshares, Inc.",425000.00,Par,Preferred Stock w/ Exercised Warrants,Purchase,1063945,,holding company,27752000.00,,Haviland,KS,,CPP,,,,,,,
2009-03-13,IBW Financial Corporation,6000000.00,Par,Preferred Stock w/ Exercised Warrants,Purchase,2326179,,holding company,363881000.00,,Washington,DC,,CPP,,,,,,,
2009-03-13,Madison Financial Corporation,3370000.00,Par,Preferred Stock w/ Exercised Warrants,Purchase,2747260,,holding company,141740000.00,,Richmond,KY,,CPP,,,,,,,
2009-03-13,Moneytree Corporation,9516000.00,Par,Preferred Stock w/ Exercised Warrants,Purchase,3387832,,holding company,436583000.00,,Lenoir City,TN,,CPP,,,,,,,
2009-03-13,"Provident Community Bancshares, Inc.",9266000.00,Par,Preferred Stock w/Warrants,Purchase,3177341,,holding company,436350000.00,,Rock Hill,SC,,CPP,,,,,,,
2009-03-13,"Salisbury Bancorp, Inc.",8816000.00,Par,Preferred Stock w/Warrants,Purchase,2693273,,holding company,494517000.00,,Lakeville,CT,,CPP,,,,,,,
2009-03-13,"Sovereign Bancshares, Inc.",18215000.00,Par,Preferred Stock w/ Exercised Warrants,Purchase,3269602,,holding company,756030000.00,,Dallas,TX,,CPP,,,,,,,
2009-03-13,"Unity Bancshares, Inc.",3000000.00,Par,Preferred Stock w/ Exercised Warrants,Purchase,2630746,,holding company,337676000.00,Federal Reserve,Saint John,MO,,CPP,,,,,,,
2009-03-06,AmeriBank Holding Company,2492000.00,Par,Preferred Stock w/ Exercised Warrants,Purchase,3043008,,holding company,105214000.00,Federal Reserve,Collinsville,OK,,CPP,,,,,,,
2009-03-06,"Blue Ridge Bancshares, Inc.",12000000.00,Par,Preferred Stock w/ Exercised Warrants,Purchase,1891317,,holding company,466625000.00,Federal Reserve,Independence,MO,,CPP,,,,,,,
2009-03-06,"Blue River Bancshares, Inc.",5000000.00,Par,Preferred Stock w/ Exercised Warrants,Purchase,,H3082,thrift holding company,252152000.00,,Shelbyville,IN,,CPP,,,,,,,
2009-03-06,"BOH Holdings, Inc.",10000000.00,Par,Preferred Stock w/ Exercised Warrants,Purchase,3807974,,holding company,382030000.00,Federal Reserve,Houston,TX,,CPP,,,,,,,
2009-03-06,Citizens Bancshares Corporation,7462000.00,Par,Preferred Stock,Purchase,1078958,,holding company,347751000.00,Federal Reserve,Atlanta,GA,,CPP,,,,,,,
2009-03-06,"Community Bancshares of Kansas, Inc. ",500000.00,Par,Preferred Stock w/ Exercised Warrants,Purchase,3488289,,holding company,26266000.00,Federal Reserve,Goff,KS,,CPP,,,,,,,
2009-03-06,"Farmers & Merchants Bancshares, Inc.",11000000.00,Par,Preferred Stock w/ Exercised Warrants,Purchase,1134881,,holding company,470785000.00,Federal Reserve,Houston,TX,FMBN,CPP,,,,,,,
2009-03-06,First Busey Corporation,100000000.00,Par,Preferred Stock w/Warrants,Purchase,1203602,,holding company,4465247000.00,Federal Reserve,Urbana,IL,BUSE,CPP,,,,,,,
2009-03-06,"First Federal Bancshares of Arkansas, Inc.",16500000.00,Par,Preferred Stock w/Warrants,Purchase,,H2658,thrift holding company,795143000.00,,Harrison,AR,FFBH,CPP,,,,,,,
2009-03-06,"First Reliance Bancshares, Inc.",15349000.00,Par,Preferred Stock w/ Exercised Warrants,Purchase,3070312,,holding company,598360000.00,Federal Reserve,Florence,SC,,CPP,,,,,,,
2009-03-06,"First Southwest Bancorporation, Inc.",5500000.00,Par,Preferred Stock w/ Exercised Warrants,Purchase,3228681,,holding company,238169000.00,Federal Reserve,Alamosa,CO,,CPP,,,,,,,
2009-03-06,"First Texas BHC, Inc.",13533000.00,Par,Preferred Stock w/Exercised Warrants,Purchase,3558726,,holding company,,Federal Reserve,Fort Worth,TX,,CPP,,,,,,,
2009-03-06,"Germantown Capital Corporation, Inc.",4967000.00,Par,Preferred Stock w/ Exercised Warrants,Purchase,3684746,,holding company,200176000.00,Federal Reserve,Germantown,TN,,CPP,,,,,,,
2009-03-06,HCSB Financial Corporation,12895000.00,Par,Preferred Stock w/Warrants,Purchase,2805375,,holding company,643560000.00,Federal Reserve,Loris,SC,HCFB.OB,CPP,,,,,,,
2009-03-06,"Highlands Independent Bancshares, Inc.",6700000.00,Par,Preferred Stock w/ Exercised Warrants,Purchase,2638014,,holding company,313215000.00,Federal Reserve,Sebring,FL,,CPP,,,,,,,
2009-03-06,ICB Financial,6000000.00,Par,Preferred Stock w/Exercised Warrants,Purchase,3360273,,holding company,252111000.00,Federal Reserve,Ontario,CA,,CPP,,,,,,,
2009-03-06,Marine Bank & Trust Company,3000000.00,Par,Preferred Stock w/ Exercised Warrants,Purchase,34233,,bank,129166000.00,FDIC,Vero Beach,FL,,CPP,,,,,,,
2009-03-06,"Merchants and Planters Bancshares, Inc.",1881000.00,Par,Preferred Stock w/ Exercised Warrants,Purchase,1129971,,holding company,86899000.00,Federal Reserve,Toone,TN,,CPP,,,,,,,
2009-03-06,"Park Bancorporation, Inc. ",23200000.00,Par,Preferred Stock w/ Exercised Warrants,Purchase,1209716,,holding company,817779000.00,FDIC,Madison,WI,,CPP,,,,,,,
2009-03-06,"PeoplesSouth Bancshares, Inc. ",12325000.00,Par,Preferred Stock w/ Exercised Warrants,Purchase,1866155,,holding company,514740000.00,Federal Reserve,Colquitt,GA,,CPP,,,,,,,
2009-03-06,"Pinnacle Bank Holding Company, Inc.",4389000.00,Par,Preferred Stock w/ Exercised Warrants,Purchase,3458040,,holding company,199481000.00,Federal Reserve,Orange City,FL,,CPP,,,,,,,
2009-03-06,"Regent Bancorp, Inc. ",9982000.00,Par,Preferred Stock w/ Exercised Warrants,Purchase,2891006,,holding company,356624000.00,FDIC,Davie,FL,,CPP,,,,,,,
2009-03-03,TALF LLC,20000000000.00,n/a,Debt Obligation w/Additional Note,Purchase,,,other,,Other,Wilmington ,DE,,CBLIIP,,,,,,,
2009-02-27,"Avenue Financial Holdings, Inc. ",7400000.00,Par,Preferred Stock w/ Excercised Warrants,Purchase,3541483,,holding company,399011000.00,Federal Reserve,Nashville,TN,,CPP,,,,,,,
2009-02-27,"BNC Financial Group, Inc.",4797000.00,Par,Preferred Stock w/Exercised Warrants,Purchase,3553815,,holding company,255348000.00,Federal Reserve,New Canaan,CT,BNFI,CPP,,,,,,,
2009-02-27,California Bank of Commerce,4000000.00,Par,Preferred Stock w/Exercised Warrants,Purchase,58583,,bank,124195000.00,FDIC,Lafayette,CA,,CPP,,,,,,,
2009-02-27,Catskill Hudson Bancorp,3000000.00,Par,Preferred Stock w/ Excercised Warrants,Purchase,3443998,,holding company,222024000.00,Federal Reserve,Rock Hill,NY,,CPP,,,,,,,
2009-02-27,"Central Bancorp, Inc.",22500000.00,Par,Preferred Stock w/ Exercised Warrants,Purchase,1250035,,holding company,1011386000.00,Federal Reserve,Garland,TX,,CPP,,,,,,,
2009-02-27,Columbine Capital Corp.,2260000.00,Par,Preferred Stock w/ Exercised Warrants,Purchase,3465253,,holding company,100334000.00,Federal Reserve,Buena Vista,CO,,CPP,,,,,,,
2009-02-27,Community Business Bank,3976000.00,Par,Preferred Stock w/ Exercised Warrants,Purchase,58159,,bank,134157000.00,FDIC,West Sacramento,CA,,CPP,,,,,,,
2009-02-27,Community First Inc.,17806000.00,Par,Preferred Stock w/Exercised Warrants,Purchase,3108194,,holding company,713389000.00,Federal Reserve,Columbia,TN,,CPP,,,,,,,
2009-02-27,D.L. Evans Bancorp,19891000.00,Par,Preferred Stock w/ Exercised Warrants,Purchase,2242523,,holding company,804318000.00,Federal Reserve,Burley,ID,,CPP,,,,,,,
2009-02-27,"First Gothenburg Bancshares, Inc.",7570000.00,Par,Preferred Stock w/ Exercised Warrants,Purchase,1053311,,holding company,105245000.00,Federal Reserve,Gothenburg,NE,,CPP,,,,,,,
2009-02-27,First M&F Corporation,30000000.00,Par,Preferred Stock w/Warrants,Purchase,1095982,,holding company,1592731000.00,Federal Reserve,Kosciusko,MS,FMFC,CPP,,,,,,,
2009-02-27,First State Bank of Mobeetie,731000.00,Par,Preferred Stock w/ Exercised Warrants,Purchase,17909,,bank,67897000.00,FDIC,Mobeetie,TX,,CPP,,,,,,,
2009-02-27,FNB Bancorp,12000000.00,Par,Preferred Stock w/ Excercised Warrants,Purchase,3047743,,holding company,660934000.00,Federal Reserve,South San Francisco,CA,,CPP,,,,,,,
2009-02-27,"Green Circle Investments, Inc.",2400000.00,Par,Preferred Stock w/ Exercised Warrants,Purchase,1203862,,holding company,243057000.00,Federal Reserve,Clive,IA,,CPP,,,,,,,
2009-02-27,"Green City Bancshares, Inc.",651000.00,Par,Preferred Stock w/ Exercised Warrants,Purchase,1061165,,holding company,30598000.00,FDIC,Green City,MO,,CPP,,,,,,,
2009-02-27,Howard Bancorp,5983000.00,Par,Preferred Stock w/ Excercised Warrants,Purchase,3386910,,holding company,229395000.00,Federal Reserve,Ellicot City,MD,,CPP,,,,,,,
2009-02-27,Integra Bank Corporation,83586000.00,Par,Preferred Stock w/Warrants,Purchase,1132654,,holding company,3354820000.00,Federal Reserve,Evansville,IN,IBNK,CPP,,,,,,,
2009-02-27,Lakeland Financial Corporation,56044000.00,Par,Preferred Stock w/Warrants,Purchase,1208906,,holding company,2376286000.00,Federal Reserve,Warsaw,IN,LKFN,CPP,,,,,,,
2009-02-27,Medallion Bank,11800000.00,Par,Preferred Stock w/ Exercised Warrants,Purchase,57449,,bank,415638000.00,FDIC,Salt Lake City,UT,,CPP,,,,,,,
2009-02-27,Midtown Bank & Trust Company,5222000.00,Par,Preferred Stock w/ Excercised Warrants,Purchase,57580,,bank,207204000.00,FDIC,Atlanta ,GA,,CPP,,,,,,,
2009-02-27,"National Bancshares, Inc.",24664000.00,Par,Preferred Stock w/ Exercised Warrants,Purchase,2947882,,holding company,1235175000.00,Federal Reserve,Bettendorf,IA,,CPP,,,,,,,
2009-02-27,"Private Bancorporation, Inc.",4960000.00,Par,Preferred Stock w/ Exercised Warrants,Purchase,2361880,,holding company,158322000.00,Federal Reserve,Minneapolis,MN,,CPP,,,,,,,
2009-02-27,PSB Financial Corporation,9270000.00,Par,Preferred Stock w/ Excercised Warrants,Purchase,1109263,,holding company,456623000.00,Federal Reserve,Many,La,,CPP,,,,,,,
2009-02-27,Regent Capital Corporation,2655000.00,Par,Preferred Stock w/ Exercised Warrants,Purchase,3632000,,holding company,136181000.00,Federal Reserve,Nowata,OK,,CPP,,,,,,,
2009-02-27,"Ridgestone Financial Services, Inc.",10900000.00,Par,Preferred Stock w/Exercised Warrants,Purchase,3443774,,holding company,422603000.00,Federal Reserve,Brookfield,WI,,CPP,,,,,,,
2009-02-27,"Southern First Bancshares, Inc.",17299000.00,Par,Preferred Stock w/Warrants,Purchase,2849799,,holding company,695399000.00,Federal Reserve,Greenville,SC,SFST,CPP,,,,,,,
2009-02-27,The Victory Bank,541000.00,Par,Preferred Stock w/ Excercised Warrants,Purchase,58615,,bank,22785000.00,Federal Reserve,Limerick,PA,,CPP,,,,,,,
2009-02-27,"TriState Capital Holdings, Inc.",23000000.00,Par,Preferred Stock w/ Exercised Warrants,Purchase,3475074,,holding company,1285803000.00,Federal Reserve,Pittsburgh,PA,,CPP,,,,,,,
2009-02-20,BancPlus Corporation,48000000.00,Par,Preferred Stock w/Exercised Warrants,Purchase,1097306,,holding company,2148639000.00,Federal Reserve,Ridgeland,MS,,CPP,,,,,,,
2009-02-20,CBB Bancorp,2644000.00,Par,Preferred Stock w/Exercised Warrants,Purchase,3236640,,holding company,113773000.00,Federal Reserve,Cartersville,GA,,CPP,,,,,,,
2009-02-20,Central Community Corporation,22000000.00,Par,Preferred Stock w/Exercised Warrants,Purchase,1832048,,holding company,993054000.00,Federal Reserve,Temple,TX,,CPP,,,,,,,
2009-02-20,"Crazy Woman Creek Bancorp, Inc.",3100000.00,Par,Preferred Stock w/Exercised Warrants,Purchase,,H2640,thrift holding company,137680000.00,,Buffalo,WY,CRZY,CPP,,,,,,,
2009-02-20,First BancTrust Corporation,7350000.00,Par,Preferred Stock w/Exercised Warrants,Purchase,2971261,,holding company,360690000.00,Federal Reserve,Paris,IL,,CPP,,,,,,,
2009-02-20,First Merchants Corporation,116000000.00,Par,Preferred Stock w/Warrants,Purchase,1208559,,holding company,3912729000.00,Federal Reserve,Muncie,IN,FRME,CPP,,,,,,,
2009-02-20,First Priority Financial Corp.,4579000.00,Par,Preferred Stock w/Exercised Warrants,Purchase,3597042,,holding company,214633000.00,Federal Reserve,Malvern,PA,,CPP,,,,,,,
2009-02-20,"Florida Business BancGroup, Inc.",9495000.00,Par,Preferred Stock w/Exercised Warrants,Purchase,2805432,,holding company,442032000.00,Federal Reserve,Tampa,FL,,CPP,,,,,,,
2009-02-20,"Guaranty Bancorp, Inc.",6920000.00,Par,Preferred Stock w/ Exercised Warrants,Purchase,2637820,,holding company,357637000.00,Federal Reserve,Woodsville,NH,,CPP,,,,,,,
2009-02-20,"Hamilton State Bancshares, Inc.",7000000.00,Par,Preferred Stock w/ Exercised Warrants,Purchase,3392331,,holding company,287831000.00,Federal Reserve,Hoschton,GA,,CPP,,,,,,,
2009-02-20,"Hometown Bancorp of Alabama, Inc.",3250000.00,Par,Preferred Stock w/Exercised Warrants,Purchase,3451603,,holding company,185019000.00,Federal Reserve,Oneonta,AL,,CPP,,,,,,,
2009-02-20,"Layfayette Bancorp, Inc.",1998000.00,Par,Preferred Stock w/ Exercised Warrants,Purchase,3260551,,holding company,85832000.00,Federal Reserve,Oxford,MS,,CPP,,,,,,,
2009-02-20,"Liberty Shares, Inc.",17280000.00,Par,Preferred Stock w/Exercised Warrants,Purchase,1086748,,holding company,768852000.00,Federal Reserve,Hinesville,GA,,CPP,,,,,,,
2009-02-20,"Market Bancorporation, Inc.",2060000.00,Par,Preferred Stock w/Exercised Warrants,Purchase,1143904,,holding company,82810000.00,Federal Reserve,New Market,MN,,CPP,,,,,,,
2009-02-20,"Mid-Wisconsin Financial Services, Inc.",10000000.00,Par,Preferred Stock w/Exercised Warrants,Purchase,1139185,,holding company,492431000.00,Federal Reserve,Medford,WI,,CPP,,,,,,,
2009-02-20,Northern States Financial Corporation,17211000.00,Par,Preferred Stock w/Warrants,Purchase,1210589,,holding company,631686000.00,Federal Reserve,Waukegan,IL,NSFC,CPP,,,,,,,
2009-02-20,Premier Service Bank,4000000.00,Par,Preferred Stock w/Exercised Warrants,Purchase,57059,,bank,155135000.00,FDIC,Riverside,CA,,CPP,,,,,,,
2009-02-20,"Royal Bancshares of Pennsylvania, Inc",30407000.00,Par,Preferred Stock w/Warrants,Purchase,2324429,,holding company,1181373000.00,Federal Reserve,Narberth,PA,RBPAA,CPP,,,,,,,
2009-02-20,"Security State Bancshares, Inc.",12500000.00,Par,Preferred Stock w/Exercised Warrants,Purchase,1248573,,holding company,566447000.00,Federal Reserve,Charleston,MO,,CPP,,,,,,,
2009-02-20,Sonoma Valley Bancorp,8653000.00,Par,Preferred Stock w/ Exercised Warrants,Purchase,2925394,,holding company,321765000.00,Federal Reserve,Sonoma,CA,SBNK,CPP,,,,,,,
2009-02-20,The Private Bank of California,5450000.00,Par,Preferred Stock w/ Exercised Warrants,Purchase,58099,,bank,242349000.00,FDIC,Los Angeles,CA,,CPP,,,,,,,
2009-02-20,United American Bank,8700000.00,Par,Preferred Stock w/Exercised Warrants,Purchase,57447,,bank,296652000.00,FDIC,San Mateo,CA,,CPP,,,,,,,
2009-02-20,White River Bancshares Company,16800000.00,Par,Preferred Stock w/Exercised Warrants,Purchase,3306589,,holding company,,Federal Reserve,Fayetteville,AR,,CPP,,,,,,,
2009-02-13,1st Enterprise Bank,4400000.00,Par,Preferred Stock w/Exercised Warrants,Purchase,58321,,bank,224778000.00,FDIC,Los Angeles,CA,,CPP,,,,,,,
2009-02-13,BankGreenville,1000000.00,Par,Preferred Stock w/Exercised Warrants,Purchase,3387168,,holding company,82623000.00,Federal Reserve,Greenville,SC,,CPP,,,,,,,
2009-02-13,"Bern Bancshares, Inc.",985000.00,Par,Preferred Stock w/Exercised Warrants,Purchase,1065190,,holding company,51074000.00,Federal Reserve,Bern,KS,,CPP,,,,,,,
2009-02-13,Carrollton Bancorp,9201000.00,Par,Preferred Stock w/Warrants,Purchase,1469800,,holding company,402595000.00,Federal Reserve,Baltimore,MD,CRRB,CPP,,,,,,,
2009-02-13,"ColoEast Bankshares, Inc.",10000000.00,Par,Preferred Stock w/Exercised Warrants,Purchase,2146359,,holding company,799127000.00,Federal Reserve,Lamar,CO,,CPP,,,,,,,
2009-02-13,Corning Savings and Loan Association,638000.00,Par,Preferred Stock w/Exercised Warrants,Purchase,31711,,savings and loan,29587000.00,Thrift,Corning,AR,,CPP,,,,,,,
2009-02-13,DeSoto County Bank,1173000.00,Par,Preferred Stock w/Exercised Warrants,Purchase,58154,,bank,45951000.00,FDIC,Horn Lake,MS,,CPP,,,,,,,
2009-02-13,F&M Financial Corporation,17243000.00,Par,Preferred Stock w/Exercised Warrants,Purchase,1138450,,holding company,722397000.00,Federal Reserve,Clarksville,TN,,CPP,,,,,,,
2009-02-13,Financial Security Corporation,5000000.00,Par,Preferred Stock w/Exercised Warrants,Purchase,1060850,,holding company,238564000.00,Federal Reserve,Basin,WY,,CPP,,,,,,,
2009-02-13,First Choice Bank,2200000.00,Par,Preferred Stock w/Exercised Warrants,Purchase,57966,,bank,85806000.00,FDIC,Cerritos,CA,,CPP,,,,,,,
2009-02-13,"First Menasha Bancshares, Inc.",4797000.00,Par,Preferred Stock w/Exercised Warrants,Purchase,1208876,,holding company,213173000.00,Federal Reserve,Neenah,WI,,CPP,,,,,,,
2009-02-13,FNB United Corp.,51500000.00,Par,Preferred Stock w/Warrants,Purchase,1133473,,holding company,2099191000.00,Federal Reserve,Asheboro,NC,FNBN,CPP,,,,,,,
2009-02-13,"Gregg Bancshares, Inc.",825000.00,Par,Preferred Stock w/Exercised Warrants,Purchase,3402342,,holding company,35487000.00,Federal Reserve,Ozark,MO,,CPP,,,,,,,
2009-02-13,"Hometown Bancshares, Inc.",1900000.00,Par,Preferred Stock w/Exercised Warrants,Purchase,2955300,,holding company,130203000.00,Federal Reserve,Corbin,KY,,CPP,,,,,,,
2009-02-13,"Liberty Bancshares, Inc.",21900000.00,Par,Preferred Stock w/Exercised Warrants,Purchase,2352226,,holding company,875983000.00,Federal Reserve,Springfield,MO,,CPP,,,,,,,
2009-02-13,Meridian Bank,6200000.00,Par,Preferred Stock w/Exercised Warrants,Purchase,57777,,bank,226179000.00,FDIC,Devon,PA,,CPP,,,,,,,
2009-02-13,"Midwest Regional Bancorp, Inc.",700000.00,Par,Preferred Stock w/Exercised Warrants,Purchase,3595020,,holding company,41073000.00,Federal Reserve,Festus,MO,,CPP,,,,,,,
2009-02-13,"Northwest Bancorporation, Inc.",10500000.00,Par,Preferred Stock w/Exercised Warrants,Purchase,2088329,,holding company,400619000.00,Federal Reserve,Spokane,WA,,CPP,,,,,,,
2009-02-13,Northwest Commercial Bank,1992000.00,Par,Preferred Stock w/Exercised Warrants,Purchase,57191,,bank,73946000.00,FDIC,Lakewood,WA,,CPP,,,,,,,
2009-02-13,Peoples Bancorp,18000000.00,Par,Preferred Stock w/Exercised Warrants,Purchase,1030947,,holding company,1041226000.00,Federal Reserve,Lynden,WA,,CPP,,,,,,,
2009-02-13,PremierWest Bancorp,41400000.00,Par,Preferred Stock w/Warrants,Purchase,2867542,,holding company,1483255000.00,Federal Reserve,Medford,OR,PRWT,CPP,,,,,,,
2009-02-13,"QCR Holdings, Inc.",38237000.00,Par,Preferred Stock w/Warrants,Purchase,2125813,,holding company,1608766000.00,Federal Reserve,Moline,IL,QCRH,CPP,,,,,,,
2009-02-13,"Regional Bankshares, Inc.",1500000.00,Par,Preferred Stock w/Exercised Warrants,Purchase,2954415,,holding company,107632000.00,Federal Reserve,Hartsville,SC,,CPP,,,,,,,
2009-02-13,"Reliance Bancshares, Inc.",40000000.00,Par,Preferred Stock w/Exercised Warrants,Purchase,2787118,,holding company,1572414000.00,Federal Reserve,Frontenac,MO,,CPP,,,,,,,
2009-02-13,"Santa Clara Valley Bank, N.A.",2900000.00,Par,Preferred Stock w/Exercised Warrants,Purchase,34806,,bank,113747000.00,Comptroller,Santa Paula,CA,,CPP,,,,,,,
2009-02-13,"Security Bancshares of Pulaski County, Inc.",2152000.00,Par,Preferred Stock w/Exercised Warrants,Purchase,2250180,,holding company,96802000.00,Federal Reserve,Waynesville,MO,,CPP,,,,,,,
2009-02-13,State Capital Corporation,15000000.00,Par,Preferred Stock w/Exercised Warrants,Purchase,3131893,,holding company,943892000.00,Federal Reserve,Greenwood,MS,,CPP,,,,,,,
2009-02-13,The Bank of Kentucky Financial Corporation,34000000.00,Par,Preferred Stock w/Warrants,Purchase,2291624,,holding company,1253995000.00,Federal Reserve,Crestview Hills,KY,BKYF,CPP,,,,,,,
2009-02-13,Westamerica Bancorporation,83726000.00,Par,Preferred Stock w/Warrants,Purchase,1025541,,holding company,4007679000.00,Federal Reserve,San Rafael,CA,WABC,CPP,,,,,,,
2009-02-06,"Alaska Pacific Bancshares, Inc.",4781000.00,Par,Preferred Stock w/Warrants,Purchase,,H3440,thrift holding company,190449000.00,,Juneau,AK,AKPB,CPP,,,,,,,
2009-02-06,Banner County Ban Corporation,795000.00,Par,Preferred Stock w/Exercised Warrants,Purchase,1067028,,holding company,40235000.00,Federal Reserve,Harrisburg,NE,,CPP,,,,,,,
2009-02-06,Carolina Trust Bank,4000000.00,Par,Preferred Stock w/Warrants,Purchase,57026,,bank,153781000.00,FDIC,Lincolnton,NC,CART,CPP,,,,,,,
2009-02-06,CedarStone Bank,3564000.00,Par,Preferred Stock w/Exercised Warrants,Purchase,57684,,bank,147709000.00,FDIC,Lebanon,TN,,CPP,,,,,,,
2009-02-06,Centrix Bank & Trust,7500000.00,Par,Preferred Stock w/Exercised Warrants,Purchase,35035,,bank,457685000.00,FDIC,Bedford,NH,CXBT,CPP,,,,,,,
2009-02-06,"Citizens Commerce Bancshares, Inc.",6300000.00,Par,Preferred Stock w/Exercised Warrants,Purchase,2702278,,holding company,278165000.00,Federal Reserve,Versailles,KY,CCVS,CPP,,,,,,,
2009-02-06,"Community Holding Company of Florida, Inc.",1050000.00,Par,Preferred Stock w/Exercised Warrants,Purchase,3577370,,holding company,46121000.00,Federal Reserve,Miramar Beach,FL,,CPP,,,,,,,
2009-02-06,F & M Financial Corporation,17000000.00,Par,Preferred Stock w/Exercised Warrants,Purchase,1076619,,holding company,680721000.00,Federal Reserve,Salisbury,NC,,CPP,,,,,,,
2009-02-06,"First Bank of Charleston, Inc.",3345000.00,Par,Preferred Stock w/Exercised Warrants,Purchase,57514,,bank,140477000.00,FDIC,Charleston,WV,,CPP,,,,,,,
2009-02-06,"First Express of Nebraska, Inc.",5000000.00,Par,Preferred Stock w/Exercised Warrants,Purchase,1250398,,holding company,323777000.00,Federal Reserve,Gering,NE,,CPP,,,,,,,
2009-02-06,"First Market Bank, FSB",33900000.00,Par,Preferred Stock w/Exercised Warrants,Purchase,34589,,savings and loan,1330445000.00,Thrift,Richmond,VA,,CPP,,,,,,,
2009-02-06,"First Western Financial, Inc.",8559000.00,Par,Preferred Stock w/Exercised Warrants,Purchase,3189906,,holding company,386747000.00,Federal Reserve,Denver,CO,,CPP,,,,,,,
2009-02-06,"Georgia Commerce Bancshares, Inc.",8700000.00,Par,Preferred Stock w/Exercised Warrants,Purchase,3165311,,holding company,296162000.00,Federal Reserve,Atlanta,GA,,CPP,,,,,,,
2009-02-06,Hyperion Bank,1552000.00,Par,Preferred Stock w/Exercised Warrants,Purchase,58371,,bank,59713000.00,FDIC,Philadelphia,PA,,CPP,,,,,,,
2009-02-06,"Lakeland Bancorp, Inc.",59000000.00,Par,Preferred Stock w/Warrants,Purchase,1404799,,holding company,2634777000.00,Federal Reserve,Oak Ridge,NJ,LBAI,CPP,,,,,,,
2009-02-06,"Liberty Financial Services, Inc.",5645000.00,Par,Preferred Stock,Purchase,1130548,,holding company,373867000.00,Federal Reserve,New Orleans,LA,,CPP,,,,,,,
2009-02-06,Lone Star Bank,3072000.00,Par,Preferred Stock w/Exercised Warrants,Purchase,58324,,bank,95749000.00,FDIC,Houston,TX,,CPP,,,,,,,
2009-02-06,Mercantile Capital Corp.,3500000.00,Par,Preferred Stock w/Exercised Warrants,Purchase,1250763,,holding company,152235000.00,Federal Reserve,Boston,MA,MECN,CPP,,,,,,,
2009-02-06,"MidWestOne Financial Group, Inc.",16000000.00,Par,Preferred Stock w/Warrants,Purchase,1245228,,holding company,1521014000.00,Federal Reserve,Iowa City,IA,MOFG,CPP,,,,,,,
2009-02-06,"Monarch Community Bancorp, Inc.",6785000.00,Par,Preferred Stock w/Warrants,Purchase,3226520,,holding company,291479000.00,Federal Reserve,Coldwater,MI,MCBF,CPP,,,,,,,
2009-02-06,Pascack Community Bank,3756000.00,Par,Preferred Stock w/Exercised Warrants,Purchase,57215,,bank,173911000.00,FDIC,Westwood,NJ,PCCB,CPP,,,,,,,
2009-02-06,"PGB Holdings, Inc.",3000000.00,Par,Preferred Stock,Purchase,3082342,,holding company,167516000.00,Federal Reserve,Chicago,IL,,CPP,,,,,,,
2009-02-06,Stockmens Financial Corporation,15568000.00,Par,Preferred Stock w/Exercised Warrants,Purchase,3796902,,holding company,686792000.00,Federal Reserve,Rapid City,SD,,CPP,,,,,,,
2009-02-06,The Bank of Currituck,4021000.00,Par,Preferred Stock w/Exercised Warrants,Purchase,2039,,bank,178024000.00,Federal Reserve,Moyock,NC,,CPP,,,,,,,
2009-02-06,"The First Bancshares, Inc.",5000000.00,Par,Preferred Stock w/Warrants,Purchase,2385493,,holding company,473755000.00,Federal Reserve,Hattiesburg,MS,FBMS,CPP,,,,,,,
2009-02-06,The Freeport State Bank,301000.00,Par,Preferred Stock w/Exercised Warrants,Purchase,18067,,bank,17897000.00,FDIC,Harper,KS,,CPP,,,,,,,
2009-02-06,"Todd Bancshares, Inc.",4000000.00,Par,Preferred Stock w/Exercised Warrants,Purchase,1140574,,holding company,202658000.00,Federal Reserve,Hopkinsville,KY,,CPP,,,,,,,
2009-02-06,US Metro Bank,2861000.00,Par,Preferred Stock w/Exercised Warrants,Purchase,58310,,bank,107880000.00,FDIC,Garden Grove,CA,USMT,CPP,,,,,,,
2009-01-30,"Adbanc, Inc.",12720000.00,Par,Preferred Stock w/Exercised Warrants,Purchase,1055623,,holding company,480763000.00,Federal Reserve,Ogallala,NE,,CPP,,,,,,,
2009-01-30,AMB Financial Corp.,3674000.00,Par,Preferred Stock w/Exercised Warrants,Purchase,,H2228,thrift holding company,177623000.00,,Munster,IN,AMFC,CPP,,,,,,,
2009-01-30,Anchor BanCorp Wisconsin Inc.,110000000.00,Par,Preferred Stock w/Warrants,Purchase,,H1972,thrift holding company,4740503000.00,,Madison,WI,ABCW,CPP,,,,,,,
2009-01-30,"Annapolis Bancorp, Inc.",8152000.00,Par,Preferred Stock w/Warrants,Purchase,1472257,,holding company,394889000.00,Federal Reserve,Annapolis,MD,ANNB,CPP,,,,,,,
2009-01-30,Bankers' Bank of the West Bancorp Inc.,12639000.00,Par,Preferred Stock w/Exercised Warrants,Purchase,2249401,,holding company,434553000.00,Federal Reserve,Denver,CO,,CPP,,,,,,,
2009-01-30,Beach Business Bank,6000000.00,Par,Preferred Stock w/Exercised Warrants,Purchase,57678,,bank,221846000.00,FDIC,Manhattan Beach,CA,BBBC,CPP,,,,,,,
2009-01-30,Central Bancshares Inc.,5800000.00,Par,Preferred Stock w/Exercised Warrants,Purchase,1106468,,holding company,293407000.00,Federal Reserve,Houston,TX,CBSI,CPP,,,,,,,
2009-01-30,Central Valley Community Bancorp,7000000.00,Par,Preferred Stock w/Warrants,Purchase,2935405,,holding company,750438000.00,Federal Reserve,Fresno,CA,CVCY,CPP,,,,,,,
2009-01-30,"Central Virginia Bankshares, Inc.",11385000.00,Par,Preferred Stock w/Warrants,Purchase,1140677,,holding company,485290000.00,Federal Reserve,Powhatan,VA,CVBK,CPP,,,,,,,
2009-01-30,Community Partners Bancorp,9000000.00,Par,Preferred Stock w/Warrants,Purchase,3395668,,holding company,579336000.00,Federal Reserve,Middletown,NJ,CPBC,CPP,,,,,,,
2009-01-30,Country Bank Shares Inc.,7525000.00,Par,Preferred Stock w/Exercised Warrants,Purchase,1416831,,holding company,362421000.00,Federal Reserve,Milford,NE,,CPP,,,,,,,
2009-01-30,DNB Financial Corporation,11750000.00,Par,Preferred Stock w/Warrants,Purchase,1117455,,holding company,534212000.00,Federal Reserve,Downingtown,PA,DNBF,CPP,,,,,,,
2009-01-30,Equity Bancshares Inc.,8750000.00,Par,Preferred Stock w/Exercised Warrants,Purchase,3180547,,holding company,385174000.00,Federal Reserve,Wichita,KS,,CPP,,,,,,,
2009-01-30,F & M Bancshares Inc.,4609000.00,Par,Preferred Stock w/Exercised Warrants,Purchase,1135806,,holding company,177216000.00,Federal Reserve,Trezevant,TN,,CPP,,,,,,,
2009-01-30,First Resource Bank,2600000.00,Par,Preferred Stock w/Exercised Warrants,Purchase,57967,,bank,103150000.00,FDIC,Exton,PA,,CPP,,,,,,,
2009-01-30,First Southern Bancorp Inc.,10900000.00,Par,Preferred Stock w/Exercised Warrants,Purchase,2349486,,holding company,381468000.00,Federal Reserve,Boca Raton,FL,,CPP,,,,,,,
2009-01-30,First United Corporation,30000000.00,Par,Preferred Stock w/Warrants,Purchase,1132672,,holding company,1618616000.00,Federal Reserve,Oakland,MD,FUNC,CPP,,,,,,,
2009-01-30,Firstbank Corporation,33000000.00,Par,Preferred Stock w/Warrants,Purchase,1134322,,holding company,1422420000.00,Federal Reserve,Alma,MI,FBMI,CPP,,,,,,,
2009-01-30,"Flagstar Bancorp, Inc.",266657000.00,Par,Preferred Stock w/Warrants,Purchase,,H2224,thrift holding company,14157838000.00,,Troy,MI,FBC,CPP,,,,,,,
2009-01-30,"Goldwater Bank, N.A.",2568000.00,Par,Preferred Stock w/Exercised Warrants,Purchase,58405,,bank,100013000.00,Comptroller,Scottsdale,AZ,,CPP,,,,,,,
2009-01-30,Greer Bancshares Incorporated,9993000.00,Par,Preferred Stock w/Exercised Warrants,Purchase,3025648,,holding company,435522000.00,Federal Reserve,Greer,SC,GRBS,CPP,,,,,,,
2009-01-30,"Guaranty Federal Bancshares, Inc.",17000000.00,Par,Preferred Stock w/Warrants,Purchase,2618940,,holding company,676969000.00,Federal Reserve,Springfield,MO,GFED,CPP,,,,,,,
2009-01-30,Hilltop Community Bancorp Inc.,4000000.00,Par,Preferred Stock w/Exercised Warrants,Purchase,3262818,,holding company,180718000.00,Federal Reserve,Summit,NJ,HTBC,CPP,,,,,,,
2009-01-30,Katahdin Bankshares Corp.,10449000.00,Par,Preferred Stock w/Exercised Warrants,Purchase,1140127,,holding company,463550000.00,Federal Reserve,Houlton,ME,KTHN,CPP,,,,,,,
2009-01-30,Legacy Bancorp Inc.,5498000.00,Par,Preferred Stock,Purchase,2727963,,holding company,226267000.00,Federal Reserve,Milwaukee,WI,,CPP,,,,,,,
2009-01-30,Metro City Bank,7700000.00,Par,Preferred Stock w/Exercised Warrants,Purchase,58181,,bank,272923000.00,FDIC,Doraville,GA,,CPP,,,,,,,
2009-01-30,Middleburg Financial Corporation,22000000.00,Par,Preferred Stock w/Warrants,Purchase,2176413,,holding company,978360000.00,Federal Reserve,Middleburg,VA,MBRG,CPP,,,,,,,
2009-01-30,Monument Bank,4734000.00,Par,Preferred Stock w/Exercised Warrants,Purchase,57942,,bank,176495000.00,FDIC,Bethesda,MD,,CPP,,,,,,,
2009-01-30,Northway Financial Inc.,10000000.00,Par,Preferred Stock w/Exercised Warrants,Purchase,2582827,,holding company,719597000.00,Federal Reserve,Berlin,NH,NWYF,CPP,,,,,,,
2009-01-30,"Oak Ridge Financial Services, Inc.",7700000.00,Par,Preferred Stock w/Warrants,Purchase,3587427,,holding company,320420000.00,Federal Reserve,Oak Ridge,NC,BKOR,CPP,,,,,,,
2009-01-30,Ojai Community Bank,2080000.00,Par,Preferred Stock w/Exercised Warrants,Purchase,57850,,bank,50743000.00,FDIC,Ojai,CA,OJCB,CPP,,,,,,,
2009-01-30,"Parke Bancorp, Inc.",16288000.00,Par,Preferred Stock w/Warrants,Purchase,3347292,,holding company,602795000.00,Federal Reserve,Sewell,NJ,PKBK,CPP,,,,,,,
2009-01-30,Peninsula Bank Holding Co.,6000000.00,Par,Preferred Stock w/Warrants,Purchase,3680980,,holding company,271523000.00,Federal Reserve,Palo Alto,CA,PBKH,CPP,,,,,,,
2009-01-30,Peoples Bancorp Inc.,39000000.00,Par,Preferred Stock w/Warrants,Purchase,1070578,,holding company,1993254000.00,Federal Reserve,Marietta,OH,PEBO,CPP,,,,,,,
2009-01-30,Plumas Bancorp,11949000.00,Par,Preferred Stock w/Warrants,Purchase,3098576,,holding company,456599000.00,Federal Reserve,Quincy,CA,PLBC,CPP,,,,,,,
2009-01-30,"PrivateBancorp, Inc.",243815000.00,Par,Preferred Stock w/Warrants,Purchase,1839319,,holding company,10260125000.00,Federal Reserve,Chicago,IL,PVTB,CPP,,,,,,,
2009-01-30,Rogers Bancshares Inc.,25000000.00,Par,Preferred Stock w/Exercised Warrants,Purchase,2066886,,holding company,1683467000.00,Federal Reserve,Little Rock,AR,,CPP,,,,,,,
2009-01-30,Stewardship Financial Corporation,10000000.00,Par,Preferred Stock w/Warrants,Purchase,2290560,,holding company,607008000.00,Federal Reserve,Midland Park,NJ,SSFN,CPP,,,,,,,
2009-01-30,UBT Bancshares Inc.,8950000.00,Par,Preferred Stock w/Exercised Warrants,Purchase,3219577,,holding company,429585000.00,Federal Reserve,Marysville,KS,,CPP,,,,,,,
2009-01-30,Valley Commerce Bancorp,7700000.00,Par,Preferred Stock w/Exercised Warrants,Purchase,3139424,,holding company,305953000.00,Federal Reserve,Visalia,CA,VCBP,CPP,,,,,,,
2009-01-30,W.T.B. Financial Corporation,110000000.00,Par,Preferred Stock w/Exercised Warrants,Purchase,1029464,,holding company,4084953000.00,Federal Reserve,Spokane,WA,WTBFA,CPP,,,,,,,
2009-01-30,WashingtonFirst Bank,6633000.00,Par,Preferred Stock w/Exercised Warrants,Purchase,57696,,bank,275804000.00,FDIC,Reston,VA,WAFB,CPP,,,,,,,
2009-01-23,1st Source Corporation,111000000.00,Par,Preferred Stock w/Warrants,Purchase,1199602,,holding company,4445830000.00,Federal Reserve,South Bend,IN,SRCE,CPP,19.87,837947,18.01,-1.86,,,
2009-01-23,AB&T Financial Corporation,3500000.00,Par,Preferred Stock w/Warrants,Purchase,3706684,,holding company,170683000.00,Federal Reserve,Gastonia,NC,ABTO.OB,CPP,6.55,80153,5.00,-1.55,,,
2009-01-23,"Alarion Financial Services, Inc.",6514000.00,Par,Preferred Stock w/Exercised Warrants,Purchase,3382891,,holding company,257668000.00,Federal Reserve,Ocala,FL,,CPP,,,,,,,
2009-01-23,BankFirst Capital Corporation,15500000.00,Par,Preferred Stock w/Exercised Warrants,Purchase,1247455,,holding company,662151000.00,Federal Reserve,Macon,MS,,CPP,,,,,,,
2009-01-23,California Oaks State Bank,3300000.00,Par,Preferred Stock w/Exercised Warrants,Purchase,34579,,bank,123242000.00,FDIC,Thousand Oaks,CA,,CPP,,,,,,,
2009-01-23,Calvert Financial Corporation,1037000.00,Par,Preferred Stock w/Exercised Warrants,Purchase,2868147,,holding company,46176000.00,Federal Reserve,Ashland,MO,,CPP,,,,,,,
2009-01-23,CalWest Bancorp,4656000.00,Par,Preferred Stock w/Exercised Warrants,Purchase,3188860,,holding company,191038000.00,Federal Reserve,Rancho Santa Margarita,CA,CALW,CPP,,,,,,,
2009-01-23,Commonwealth Business Bank,7701000.00,Par,Preferred Stock w/Exercised Warrants,Purchase,57873,,bank,295847000.00,Federal Reserve,Los Angeles,CA,CWBB,CPP,,,,,,,
2009-01-23,Crosstown Holding Company,10650000.00,Par,Preferred Stock w/Exercised Warrants,Purchase,3304343,,holding company,384028000.00,Federal Reserve,Blaine,MN,,CPP,,,,,,,
2009-01-23,Farmers Bank,8752000.00,Par,Preferred Stock w/Exercised Warrants,Purchase,2429,,bank,344804000.00,Federal Reserve,Windsor,VA,FBVA,CPP,,,,,,,
2009-01-23,First Citizens Banc Corp.,23184000.00,Par,Preferred Stock w/Warrants,Purchase,1246533,,holding company,1051242000.00,Federal Reserve,Sandusky,OH,FCZA,CPP,7.41,469312,7.89,0.48,,,
2009-01-23,First ULB Corp.,4900000.00,Par,Preferred Stock w/Exercised Warrants,Purchase,,H1884,thrift holding company,247050000.00,,Oakland,CA,,CPP,,,,,,,
2009-01-23,FPB Financial Corp.,3240000.00,Par,Preferred Stock w/Exercised Warrants,Purchase,,H3428,thrift holding company,175422000.00,,Hammond,LA,FPBF,CPP,,,,,,,
2009-01-23,Fresno First Bank,1968000.00,Par,Preferred Stock w/Exercised Warrants,Purchase,58090,,bank,96313000.00,FDIC,Fresno,CA,FSNF,CPP,,,,,,,
2009-01-23,"Liberty Bancshares, Inc.",57500000.00,Par,Preferred Stock w/Exercised Warrants,Purchase,3101784,,holding company,2615639000.00,Federal Reserve,Jonesboro,AR,,CPP,,,,,,,
2009-01-23,"Midland States Bancorp, Inc.",10189000.00,Par,Preferred Stock w/Exercised Warrants,Purchase,1491351,,holding company,438020000.00,Federal Reserve,Effingham,IL,,CPP,,,,,,,
2009-01-23,"Moscow Bancshares, Inc.",6216000.00,Par,Preferred Stock w/Exercised Warrants,Purchase,1099896,,holding company,258545000.00,Federal Reserve,Moscow,TN,,CPP,,,,,,,
2009-01-23,Pierce County Bancorp,6800000.00,Par,Preferred Stock w/Exercised Warrants,Purchase,2453114,,holding company,261857000.00,Federal Reserve,Tacoma,WA,,CPP,,,,,,,
2009-01-23,Princeton National  Bancorp Inc.,25083000.00,Par,Preferred Stock w/Warrants,Purchase,1207600,,holding company,1163463000.00,Federal Reserve,Princeton,IL,PNBC,CPP,24.27,155025,15.25,-9.02,,,
2009-01-23,Seaside National Bank & Trust,5677000.00,Par,Preferred Stock w/Exercised Warrants,Purchase,58328,,bank,243410000.00,Comptroller,Orlando,FL,,CPP,,,,,,,
2009-01-23,"Southern Illinois Bancorp, Inc.",5000000.00,Par,Preferred Stock w/Exercised Warrants,Purchase,1098929,,holding company,247319000.00,Federal Reserve,Carmi,IL,,CPP,,,,,,,
2009-01-23,Stonebridge Financial Corp.,10973000.00,Par,Preferred Stock w/Exercised Warrants,Purchase,2754334,,holding company,487013000.00,Federal Reserve,West Chester,PA,,CPP,,,,,,,
2009-01-23,WSFS Financial Corporation,52625000.00,Par,Preferred Stock w/Warrants,Purchase,,H1232,thrift holding company,3433832000.00,,Wilmington,DE,WSFS,CPP,45.08,175105,26.14,-18.94,,,
2009-01-16,Bank of America Corporation,20000000000.00,Par,Preferred Stock w/Warrants,Purchase,1073757,,holding company,1817686267000.00,Federal Reserve,Charlotte,NC,BAC,TIP,13.30,150375940,7.06,-6.24,,,
2009-01-16,Bank of Commerce,3000000.00,Par,Preferred Stock w/Exercised Warrants,Purchase,58134,,bank,125462000.00,FDIC,Charlotte,NC,,CPP,,,,,,,
2009-01-16,Bar Harbor Bankshares,18751000.00,Par,Preferred Stock w/Warrants,Purchase,1115385,,holding company,971535000.00,Federal Reserve,Bar Harbor,ME,BHB,CPP,26.81,104910,24.40,-2.41,,,
2009-01-16,BNCCORP Inc.,20093000.00,Par,Preferred Stock w/Exercised Warrants,Purchase,1248162,,holding company,861403000.00,Federal Reserve,Bismarck,ND,BNCC,CPP,,,,,,,
2009-01-16,"Carver Bancorp, Inc",18980000.00,Par,Preferred Stock w/Warrants,Purchase,,H2732,thrift holding company,790750000.00,,New York,NY,CARV,CPP,,,,,,,
2009-01-16,"Centra Financial Holdings, Inc./Centra Bank, Inc.",15000000.00,Par,Preferred Stock w/Exercised Warrants,Purchase,2856498,,holding company,1212748000.00,Federal Reserve,Morgantown,WV,,CPP,,,,,,,
2009-01-16,Chrysler Financial Services Americas LLC,1500000000.00,,Debt Obligation w/Additional Note,Purchase,,,bank,,,Farmington Hills,MI,,AIFP,,,,,,,
2009-01-16,Citigroup Inc.,5000000000.00,Preferred Stock and Warrants,Second-Loss Guarantee on Asset Pool,Guarantee,1951350,,holding company,1340720959000.00,Federal Reserve,New York,NY,C,AGP,10.61,254476909,2.70,-7.91,,,
2009-01-16,Citizens & Northern Corporation,26440000.00,Par,Preferred Stock w/Warrants,Purchase,1143623,,holding company,1273285000.00,Federal Reserve,Wellsboro,PA,CZNC,CPP,20.36,194794,20.25,-0.11,,,
2009-01-16,Community 1st Bank,2550000.00,Par,Preferred Stock w/Exercised Warrants,Purchase,58191,,bank,96656000.00,FDIC,Roseville,CA,CFBN,CPP,,,,,,,
2009-01-16,Community Bank of the Bay,1747000.00,Par,Preferred Stock w/Exercised Warrants,Purchase,34210,,bank,68610000.00,FDIC,Oakland,CA,CBYAA,CPP,,,,,,,
2009-01-16,Dickinson Financial Corporation II,146053000.00,Par,Preferred Stock w/Exercised Warrants,Purchase,2107707,,holding company,6090090000.00,Federal Reserve,Kansas City,MO,,CPP,,,,,,,
2009-01-16,"ECB Bancorp, Inc.",17949000.00,,,Purchase,2686659,,holding company,842174000.00,Federal Reserve,Engelhard,NC,ECBE,CPP,18.57,144984,17.00,-1.57,,,
2009-01-16,First BanCorp,400000000.00,Par,Preferred Stock w/Warrants,Purchase,2744894,,holding company,19477107000.00,Federal Reserve,San Juan,PR,FBP,CPP,10.27,5842259,4.73,-5.54,,,
2009-01-16,"First Bankers Trustshares, Inc.",10000000.00,Par,Preferred Stock w/Exercised Warrants,Purchase,1404632,,holding company,490904000.00,Federal Reserve,Quincy,IL,FBTT,CPP,,,,,,,
2009-01-16,First Manitowoc Bancorp Inc.,12000000.00,Par,Preferred Stock w/Exercised Warrants,Purchase,1208009,,holding company,793228000.00,Federal Reserve,Manitowoc,WI,,CPP,,,,,,,
2009-01-16,"Home Bancshares, Inc.",50000000.00,Par,Preferred Stock w/Warrants,Purchase,1491409,,holding company,2621398000.00,Federal Reserve,Conway,AR,HOMB,CPP,26.03,288129,20.42,-5.61,,,
2009-01-16,Idaho Bancorp,6900000.00,Par,Preferred Stock w/Exercised Warrants,Purchase,3301883,,holding company,248820000.00,Federal Reserve,Boise,ID,IDBC,CPP,,,,,,,
2009-01-16,"MainSource Financial Group, Inc.",57000000.00,Par,Preferred Stock w/Warrants,Purchase,1209109,,holding company,2895909000.00,Federal Reserve,Greensburg,IN,MSFG,CPP,14.95,571906,8.11,-6.84,,,
2009-01-16,"MetroCorp Bancshares, Inc.",45000000.00,Par,Preferred Stock w/Warrants,Purchase,2344799,,holding company,1586283000.00,Federal Reserve,Houston,TX,MCBI,CPP,8.75,771429,2.56,-6.19,,,
2009-01-16,Morrill Bancshares Inc.,13000000.00,Par,Preferred Stock w/Exercised Warrants,Purchase,1058165,,holding company,696087000.00,Federal Reserve,Merriam,KS,,CPP,,,,,,,
2009-01-16,"New Hampshire Thrift Bancshares, Inc.",10000000.00,Par,Preferred Stock w/Warrants,Purchase,,H1476,thrift holding company,839436000.00,,Newport,NH,NHTB,CPP,8.14,184275,7.32,-0.82,,,
2009-01-16,OceanFirst Financial Corp.,38263000.00,Par,Preferred Stock w/Warrants,Purchase,,H2630,thrift holding company,1858907000.00,,Toms River,NJ,OCFC,CPP,15.07,380853,11.12,-3.95,,,
2009-01-16,"Old Second Bancorp, Inc.",73000000.00,Par,Preferred Stock w/Warrants,Purchase,1206911,,holding company,2989393000.00,Federal Reserve,Aurora,IL,OSBC,CPP,13.43,815339,6.94,-6.49,,,
2009-01-16,Pacific Coast National Bancorp,4120000.00,Par,Preferred Stock w/Exercised Warrants,Purchase,3338795,,holding company,147676000.00,Federal Reserve,San Clemente,CA,PCST,CPP,,,,,,,
2009-01-16,Puget Sound Bank,4500000.00,Par,Preferred Stock w/Exercised Warrants,Purchase,57955,,bank,153981000.00,FDIC,Bellevue,WA,,CPP,,,,,,,
2009-01-16,Pulaski Financial Corp,32538000.00,Par,Preferred Stock w/Warrants,Purchase,,H3185,thrift holding company,1361481000.00,,Creve Coeur,MO,PULB,CPP,6.27,778421,5.11,-1.16,,,
2009-01-16,Redwood Capital Bancorp,3800000.00,Par,Preferred Stock w/Exercised Warrants,Purchase,3552032,,holding company,161663000.00,Federal Reserve,Eureka,CA,RWCB,CPP,,,,,,,
2009-01-16,S&T Bancorp,108676000.00,Par,Preferred Stock w/Warrants,Purchase,1071397,,holding company,4410695000.00,Federal Reserve,Indiana,PA,STBA,CPP,31.53,517012,22.86,-8.67,,,
2009-01-16,SCBT Financial Corporation,64779000.00,Par,Preferred Stock w/Warrants,Purchase,1133437,,holding company,2763151000.00,Federal Reserve,Columbia,SC,SCBT,CPP,32.06,303083,21.08,-10.98,,,
2009-01-16,Somerset Hills Bancorp,7414000.00,Par,Preferred Stock w/Warrants,Purchase,2950480,,holding company,299389000.00,Federal Reserve,Bernardsville,NJ,SOMH,CPP,6.82,163065,6.83,0.01,,,
2009-01-16,Southern Bancorp Inc.,11000000.00,Par,Preferred Stock,Purchase,1248939,,holding company,575275000.00,Federal Reserve,Arkadelphia,AR,,CPP,,,,,,,
2009-01-16,State Bankshares Inc.,50000000.00,Par,Preferred Stock w/Exercised Warrants,Purchase,1417333,,holding company,1926633000.00,Federal Reserve,Fargo,ND,,CPP,,,,,,,
2009-01-16,Syringa Bancorp,8000000.00,Par,Preferred Stock w/Exercised Warrants,Purchase,3338861,,holding company,289637000.00,Federal Reserve,Boise,ID,,CPP,,,,,,,
2009-01-16,"TCB Holding Company, Texas Community Bank",11730000.00,Par,Preferred Stock w/Exercised Warrants,Purchase,3345225,,holding company,496892000.00,Federal Reserve,The Woodlands,TX,,CPP,,,,,,,
2009-01-16,"Texas Capital Bancshares, Inc.",75000000.00,Par,Preferred Stock w/Warrants,Purchase,2706735,,holding company,5131657000.00,Federal Reserve,Dallas,TX,TCBI,CPP,14.84,758086,11.23,-3.61,,,
2009-01-16,The Baraboo Bancorporation,20749000.00,Par,Preferred Stock w/Exercised Warrants,Purchase,1209248,,holding company,783631000.00,Federal Reserve,Baraboo,WI,BAOB,CPP,,,,,,,
2009-01-16,Treaty Oak Bancorp Inc.,3268000.00,Par,Preferred Stock w/Exercised Warrants,Purchase,3228579,,holding company,135990000.00,Federal Reserve,Austin,TX,TOAK,CPP,,,,,,,
2009-01-16,"United Bancorp, Inc.",20600000.00,Par,Preferred Stock w/Warrants,Purchase,1135516,,holding company,839550000.00,Federal Reserve,Tecumseh,MI,UBCP,CPP,9.92,311492,8.50,-1.42,,,
2009-01-16,United Financial Banking Companies Inc.,5658000.00,Par,Preferred Stock w/Exercised Warrants,Purchase,1075788,,holding company,239738000.00,Federal Reserve,Vienna,VA,,CPP,,,,,,,
2009-01-16,Washington Banking Company,26380000.00,Par,Preferred Stock w/Warrants,Purchase,2406174,,holding company,898044000.00,Federal Reserve,Oak Harbor,WA,WBCO,CPP,8.04,492164,7.16,-0.88,,,
2009-01-16,Yadkin Valley Financial Corporation,36000000.00,Par,Preferred Stock w/Warrants,Purchase,3432965,,holding company,1525349000.00,Federal Reserve,Elkin,NC,YAVY,CPP,13.99,385990,6.38,-7.61,,,
2009-01-09,American Express Company,3388890000.00,Par,Preferred Stock w/Warrants,Purchase,,,bank,126074000000.00,,New York,NY,AXP,CPP,20.95,24264129,15.72,-5.23,,,
2009-01-09,"American State Bancshares, Inc.",6000000.00,Par,Preferred Stock w/Exercised Warrants,Purchase,1066441,,holding company,354982000.00,Federal Reserve,Great Bend,KS,,CPP,,,,,,,
2009-01-09,Bank of America Corporation,10000000000.00,Par,Preferred Stock w/Warrants,Purchase,1073757,,holding company,1817686267000.00,Federal Reserve,Charlotte,NC,BAC,CPP,30.79,48717116,7.06,-23.73,,,
2009-01-09,C&F Financial Corporation,20000000.00,Par,Preferred Stock w/Warrants,Purchase,2183493,,holding company,847034000.00,Federal Reserve,West Point,VA,CFFI,CPP,17.91,167504,15.50,-2.41,,,
2009-01-09,Cadence Financial Corporation,44000000.00,Par,Preferred Stock w/Warrants,Purchase,1100037,,holding company,1967150000.00,Federal Reserve,Starkville,MS,CADE,CPP,5.76,1145833,4.17,-1.59,,,
2009-01-09,"Carolina Bank Holdings, Inc.",16000000.00,Par,Preferred Stock w/Warrants,Purchase,2943473,,holding company,616230000.00,Federal Reserve,Greensboro,NC,CLBH,CPP,6.71,357675,4.20,-2.51,,,
2009-01-09,"Center Bancorp, Inc.",10000000.00,Par,Preferred Stock w/Warrants,Purchase,1048764,,holding company,1022758000.00,Federal Reserve,Union,NJ,CNBC,CPP,8.65,173410,7.03,-1.62,,,
2009-01-09,Central Pacific Financial Corp.,135000000.00,Par,Preferred Stock w/Warrants,Purchase,1022764,,holding company,5422926000.00,Federal Reserve,Honolulu,HI,CPF,CPP,12.77,1585748,5.06,-7.71,,,
2009-01-09,Centrue Financial Corporation,32668000.00,Par,Preferred Stock w/Warrants,Purchase,1206591,,holding company,1397201000.00,Federal Reserve,St. Louis,MO,TRUE,CPP,9.64,508320,5.70,-3.94,,,
2009-01-09,"Codorus Valley Bancorp, Inc.",16500000.00,Par,Preferred Stock w/Warrants,Purchase,1142475,,holding company,697410000.00,Federal Reserve,York,PA,CVLY,CPP,9.38,263859,8.79,-0.59,,,
2009-01-09,"Colony Bankcorp, Inc.",28000000.00,Par,Preferred Stock w/Warrants,Purchase,1085170,,holding company,1250186000.00,Federal Reserve,Fitzgerald,GA,CBAN,CPP,8.40,500000,6.86,-1.54,,,
2009-01-09,Commerce National Bank,5000000.00,Par,Preferred Stock w/Warrants,Purchase,57566,,bank,261908000.00,Comptroller,Newport Beach,CA,CNBF.OB,CPP,8.60,87209,6.10,-2.50,,,
2009-01-09,Community Trust Financial Corporation,24000000.00,Par,Preferred Stock w/Exercised Warrants,Purchase,1885307,,holding company,1129736000.00,Federal Reserve,Ruston,LA,,CPP,,,,,,,
2009-01-09,"Congaree Bancshares, Inc.",3285000.00,Par,Preferred Stock w/Exercised Warrants,Purchase,3465561,,holding company,131799000.00,Federal Reserve,Cayce,SC,CNRB,CPP,,,,,,,
2009-01-09,Crescent Financial Corporation,24900000.00,Par,Preferred Stock w/Warrants,Purchase,3027709,,holding company,968085000.00,Federal Reserve,Cary,NC,CRFN,CPP,4.48,833705,3.98,-0.50,,,
2009-01-09,"Eastern Virginia Bankshares, Inc.",24000000.00,Par,Preferred Stock w/Warrants,Purchase,2626691,,holding company,,Federal Reserve,Tappahannock,VA,EVBS,CPP,9.63,373832,8.96,-0.67,,,
2009-01-09,F.N.B. Corporation,100000000.00,Par,Preferred Stock w/Warrants,Purchase,3005332,,holding company,8210895000.00,Federal Reserve,Hermitage,PA,FNB,CPP,11.52,1302083,6.84,-4.68,,,
2009-01-09,Farmers Capital Bank Corporation,30000000.00,Par,Preferred Stock w/Warrants,Purchase,1098732,,holding company,2186880000.00,Federal Reserve,Frankfort,KY,FFKT,CPP,20.09,223992,17.52,-2.57,,,
2009-01-09,First Bancorp,65000000.00,Par,Preferred Stock w/Warrants,Purchase,1076431,,holding company,2753725000.00,Federal Reserve,Troy,NC,FBNC,CPP,15.82,616308,11.71,-4.11,,,
2009-01-09,First Financial Service Corporation,20000000.00,Par,Preferred Stock w/Warrants,Purchase,3150997,,holding company,1017056000.00,Federal Reserve,Elizabethtown,KY,FFKY,CPP,13.89,215983,13.78,-0.11,,,
2009-01-09,"First Security Group, Inc.",33000000.00,Par,Preferred Stock w/Warrants,Purchase,2836801,,holding company,1274763000.00,Federal Reserve,Chattanooga,TN,FSGI,CPP,6.01,823627,3.57,-2.44,,,
2009-01-09,FirstMerit Corporation,125000000.00,Par,Preferred Stock w/Warrants,Purchase,1070804,,holding company,11082632000.00,Federal Reserve,Akron,OH,FMER,CPP,19.69,952260,18.53,-1.16,,,
2009-01-09,GrandSouth Bancorporation,9000000.00,Par,Preferred Stock w/Exercised Warrants,Purchase,2929833,,holding company,373305000.00,Federal Reserve,Greenville,SC,GRRB,CPP,,,,,,,
2009-01-09,Independence Bank,1065000.00,Par,Preferred Stock w/Exercised Warrants,Purchase,57379,,bank,66497000.00,FDIC,East Greenwich,RI,,CPP,,,,,,,
2009-01-09,Independent Bank Corp.,78158000.00,Par,Preferred Stock w/Warrants,Purchase,1136803,,holding company,3633478000.00,Federal Reserve,Rockland,MA,INDB,CPP,24.34,481664,15.95,-8.39,,,
2009-01-09,LCNB Corp.,13400000.00,Par,Preferred Stock w/Warrants,Purchase,2759900,,holding company,648792000.00,Federal Reserve,Lebanon,OH,LCNB.OB,CPP,9.26,217063,8.75,-0.51,,,
2009-01-09,"MidSouth Bancorp, Inc.",20000000.00,Par,Preferred Stock w/Warrants,Purchase,1086654,,holding company,935825000.00,Federal Reserve,Lafayette,LA,MSL,CPP,14.37,208768,11.34,-3.03,,,
2009-01-09,Mission Community Bancorp,5116000.00,Par,Preferred Stock,Purchase,2948366,,holding company,,Federal Reserve,San Luis Obispo,CA,MISS,CPP,,,,,,,
2009-01-09,New York Private Bank & Trust Corporation,267274000.00,Par,Preferred Stock w/Exercised Warrants,Purchase,3212091,,holding company,15362846000.00,Federal Reserve,New York,NY,,CPP,,,,,,,
2009-01-09,"North Central Bancshares, Inc.",10200000.00,Par,Preferred Stock w/Warrants,Purchase,,H2651,thrift holding company,473803000.00,Federal Reserve,Fort Dodge,IA,FFFD,CPP,15.43,99157,12.30,-3.13,,,
2009-01-09,Peapack-Gladstone Financial Corporation,28685000.00,Par,Preferred Stock w/Warrants,Purchase,2651590,,holding company,1380173000.00,Federal Reserve,Gladstone,NJ,PGC,CPP,30.06,143139,17.96,-12.10,,,
2009-01-09,Redwood Financial Inc.,2995000.00,Par,Preferred Stock w/Exercised Warrants,Purchase,,H2478,thrift holding company,140904000.00,,Redwood Falls,MN,REDW,CPP,,,,,,,
2009-01-09,Rising Sun Bancorp,5983000.00,Par,Preferred Stock w/Exercised Warrants,Purchase,1846232,,holding company,246380000.00,Federal Reserve,Rising Sun,MD,RSAM,CPP,,,,,,,
2009-01-09,Security Business Bancorp,5803000.00,Par,Preferred Stock w/Exercised Warrants,Purchase,3637863,,holding company,203953000.00,Federal Reserve,San Diego,CA,SBBC,CPP,,,,,,,
2009-01-09,Security California Bancorp,6815000.00,Par,Preferred Stock w/Exercised Warrants,Purchase,3804469,,holding company,,Federal Reserve,Riverside,CA,SCAF,CPP,,,,,,,
2009-01-09,"Shore Bancshares, Inc.",25000000.00,Par,Preferred Stock w/Warrants,Purchase,2429838,,holding company,1022094000.00,Federal Reserve,Easton,MD,SHBI,CPP,21.68,172970,19.18,-2.50,,,
2009-01-09,Sound Banking Company,3070000.00,Par,Preferred Stock w/Exercised Warrants,Purchase,57095,,bank,127406000.00,FDIC,Morehead City,NC,SNBN,CPP,,,,,,,
2009-01-09,"Sun Bancorp, Inc.",89310000.00,Par,Preferred Stock w/Warrants,Purchase,1139242,,holding company,3618551000.00,Federal Reserve,Vineland,NJ,SNBC,CPP,8.68,1543376,6.43,-2.25,,,
2009-01-09,Surrey Bancorp,2000000.00,Par,Preferred Stock w/Exercised Warrants,Purchase,3163867,,holding company,204148000.00,Federal Reserve,Mount Airy,NC,SRYB,CPP,,,,,,,
2009-01-09,Texas National Bancorporation,3981000.00,Par,Preferred Stock w/Exercised Warrants,Purchase,2716471,,holding company,171720000.00,Federal Reserve,Jacksonville,TX,,CPP,,,,,,,
2009-01-09,"The First Bancorp, Inc.",25000000.00,Par,Preferred Stock w/Warrants,Purchase,1133932,,holding company,1294504000.00,Federal Reserve,Damariscotta,ME,FNLC,CPP,16.60,225904,15.90,-0.70,,,
2009-01-09,The Queensborough Company,12000000.00,Par,Preferred Stock w/Exercised Warrants,Purchase,1130904,,holding company,860555000.00,Federal Reserve,Louisville,GA,,CPP,,,,,,,
2009-01-09,Valley Community Bank,5500000.00,Par,Preferred Stock w/Exercised Warrants,Purchase,34689,,bank,211129000.00,FDIC,Pleasanton,CA,,CPP,,,,,,,
2009-01-02,Chrysler Holding LLC,4000000000.00,N/A,Debt Obligation w/Additional Note,Purchase,,,auto company,,,Auburn Hills,MI,,AIFP,,,,,,,
2008-12-31,CIT Group Inc.,2330000000.00,Par,Preferred Stock w/Warrants,Purchase,1036967,,holding company,3498275000.00,Federal Reserve,New York,NY,CIT,CPP,3.94,88705584,3.01,-0.93,,,
2008-12-31,Citigroup Inc.,20000000000.00,TARGETED INVESTMENT PROGRAM,Preferred Stock w/Warrants,Purchase,1951350,,holding company,1340720959000.00,Federal Reserve,New York,NY,C,TIP,10.61,188500000,2.70,-7.91,50,2009-02-06,COP
2008-12-31,Fifth Third Bancorp,3408000000.00,Par,Preferred Stock w/Warrants,Purchase,1070345,,holding company,130672356000.00,Federal Reserve,Cincinnati,OH,FITB,CPP,11.72,43617747,2.64,-9.08,,,
2008-12-31,"First Banks, Inc.",295400000.00,Par,Preferred Stock w/Exercised Warrants,Purchase,1118797,,holding company,10747552000.00,Federal Reserve,Clayton,MO,,CPP,,,,,,,
2008-12-31,General Motors Corporation,13400000000.00,N/A,Debt Obligation w/Warrants and Additional Note,Purchase,,,auto company,91047000000.00,,Detroit,MI,GM,AIFP,,,1.93,,,,
2008-12-31,"Hampton Roads Bankshares, Inc.",80347000.00,Par,Preferred Stock w/Warrants,Purchase,3012554,,holding company,3121872000.00,Federal Reserve,Norfolk,VA,HMPR,CPP,9.09,1325858,7.63,-1.46,,,
2008-12-31,"SunTrust Banks, Inc.",1350000000.00,Par,Preferred Stock w/Warrants,Purchase,1131787,,holding company,185098787000.00,Federal Reserve,Atlanta,GA,STI,CPP,33.70,6008902,10.83,-22.87,,,
2008-12-31,The PNC Financial Services Group Inc.,7579200000.00,Par,Preferred Stock w/Warrants,Purchase,1069778,,holding company,289875471000.00,Federal Reserve,Pittsburgh,PA,PNC,CPP,67.33,16885192,31.98,-35.35,27,2009-02-06,COP
2008-12-31,"West Bancorporation, Inc.",36000000.00,Par,Preferred Stock w/Warrants,Purchase,1210066,,holding company,1536830000.00,Federal Reserve,West Des Moines,IA,WTBA,CPP,11.39,474100,8.37,-3.02,,,
2008-12-29,General Motors Corporation,884024131.00,N/A,Debt Obligation,Purchase,,,auto company,91047000000.00,,Detroit,MI,GM,AIFP,5.02,1733068,1.93,-3.09,63,2008-12-31,CBO
2008-12-29,GMAC LLC,5000000000.00,Preference,Preferred Stock w/Exercised Warrants,Purchase,,,auto company,,,Detroit,MI,GJM,AIFP,0.01,250002,8.55,8.54,63,2008-12-31,CBO
2008-12-23,1st Constitution Bancorp,12000000.00,Par,Preferred Stock w/Warrants,Purchase,2784920,,holding company,545140000.00,Federal Reserve,Cranbury,NJ,FCCY,CPP,8.99,200222,6.25,-2.74,,,
2008-12-23,"BCSB Bancorp, Inc.",10800000.00,Par,Preferred Stock w/Warrants,Purchase,,H4399,thrift holding company,574925000.00,,Baltimore,MD,BCSB,CPP,8.83,183465,8.06,-0.77,,,
2008-12-23,Bridge Capital Holdings,23864000.00,Par,Preferred Stock w/Warrants,Purchase,3280988,,holding company,,Federal Reserve,San Jose,CA,BBNK,CPP,9.03,396412,4.77,-4.26,,,
2008-12-23,Cache Valley Banking Company,4767000.00,Par,Preferred Stock w/Exercised Warrants,Purchase,2324997,,holding company,201670000.00,Federal Reserve,Logan,UT,,CPP,,,,,,,
2008-12-23,"Capital Bancorp, Inc.",4700000.00,Par,Preferred Stock w/Exercised Warrants,Purchase,2808590,,holding company,218819000.00,Federal Reserve,Rockville,MD,,CPP,,,,,,,
2008-12-23,Capital Pacific Bancorp,4000000.00,Par,Preferred Stock w/Exercised Warrants,Purchase,3589702,,holding company,140578000.00,Federal Reserve,Portland,OR,CPBO,CPP,,,,,,,
2008-12-23,"Cecil Bancorp, Inc.",11560000.00,Par,Preferred Stock w/Warrants,Purchase,3135190,,holding company,491242000.00,Federal Reserve,Elkton,MD,CECB.OB,CPP,6.63,261538,5.05,-1.58,,,
2008-12-23,Central Jersey Bancorp,11300000.00,Par,Preferred Stock w/Warrants,Purchase,2910055,,holding company,600175000.00,Federal Reserve,Oakhurst,NJ,CJBK,CPP,6.31,268621,6.00,-0.31,,,
2008-12-23,Citizens Bancorp,10400000.00,Par,Preferred Stock w/Exercised Warrants,Purchase,3165133,,holding company,372202000.00,Federal Reserve,Nevada City,CA,CZNB,CPP,,,,,,,
2008-12-23,Citizens Community Bank,3000000.00,Par,Preferred Stock w/Exercised Warrants,Purchase,35326,,bank,149794000.00,Federal Reserve,South Hill,VA,CZYB,CPP,,,,,,,
2008-12-23,"Community Investors Bancorp, Inc.",2600000.00,Par,Preferred Stock w/Exercised Warrants,Purchase,,H2385,thrift holding company,142854000.00,,Bucyrus,OH,CIBN,CPP,,,,,,,
2008-12-23,Emclaire Financial Corp.,7500000.00,Par,Preferred Stock w/Warrants,Purchase,1480944,,holding company,373603000.00,Federal Reserve,Emlenton,PA,EMCF.OB,CPP,22.45,50111,18.00,-4.45,,,
2008-12-23,"Financial Institutions, Inc.",37515000.00,Par,Preferred Stock w/Warrants,Purchase,1032464,,holding company,1909009000.00,Federal Reserve,Warsaw,NY,FISI,CPP,14.88,378175,10.38,-4.50,,,
2008-12-23,First Community Bank Corporation of America,10685000.00,Par,Preferred Stock w/Warrants,Purchase,,H2518,thrift holding company,503462000.00,,Pinellas Park,FL,FCFL,CPP,7.02,228312,5.00,-2.02,,,
2008-12-23,First Financial Bancorp,80000000.00,Par,Preferred Stock w/Warrants,Purchase,1071276,,holding company,3685878000.00,Federal Reserve,Cincinnati,OH,FFBC,CPP,12.90,930233,9.66,-3.24,,,
2008-12-23,First Sound Bank,7400000.00,Par,Preferred Stock w/Warrants,Purchase,57799,,bank,266958000.00,FDIC,Seattle,WA,FSWA.OB,CPP,9.73,114080,3.00,-6.73,,,
2008-12-23,Fulton Financial Corporation,376500000.00,Par,Preferred Stock w/Warrants,Purchase,1117129,,holding company,16550202000.00,Federal Reserve,Lancaster,PA,FULT,CPP,10.25,5509756,6.68,-3.57,,,
2008-12-23,"Green Bankshares, Inc.",72278000.00,Par,Preferred Stock w/Warrants,Purchase,1133277,,holding company,2938937000.00,Federal Reserve,Greeneville,TN,GRNB,CPP,17.06,635504,7.45,-9.61,,,
2008-12-23,"HMN Financial, Inc.",26000000.00,Par,Preferred Stock w/Warrants,Purchase,2500719,,holding company,,,Rochester,MN,HMNF,CPP,4.68,833333,3.31,-1.37,,,
2008-12-23,International Bancshares Corporation,216000000.00,Par,Preferred Stock w/Warrants,Purchase,1104231,,holding company,12393213000.00,Federal Reserve,Laredo,TX,IBOC,CPP,24.43,653226,8.10,-16.33,,,
2008-12-23,Intervest Bancshares Corporation,25000000.00,Par,Preferred Stock w/Warrants,Purchase,2049302,,holding company,2200895000.00,Federal Reserve,New York,NY,IBCA,CPP,5.42,691882,2.14,-3.28,,,
2008-12-23,"Leader Bancorp, Inc.",5830000.00,Par,Preferred Stock w/Exercised Warrants,Purchase,3439236,,holding company,260493000.00,Federal Reserve,Arlington,MA,,CPP,,,,,,,
2008-12-23,M&T Bank Corporation,600000000.00,Par,Preferred Stock w/Warrants,Purchase,1242601,,holding company,65762984000.00,,Buffalo,NY,MTB,CPP,73.86,1218522,47.25,-26.61,,,
2008-12-23,Magna Bank,13795000.00,Par,Preferred Stock w/Exercised Warrants,Purchase,34937,,bank,529959000.00,Thrift,Memphis,TN,,CPP,,,,,,,
2008-12-23,Mission Valley Bancorp,5500000.00,Par,Preferred Stock,Purchase,3364600,,holding company,238039000.00,Federal Reserve,Sun Valley,CA,MVLY,CPP,,,,,,,
2008-12-23,"MutualFirst Financial, Inc.",32382000.00,Par,Preferred Stock w/Warrants,Purchase,,H3537,thrift holding company,1389150000.00,,Muncie,IN,MFSF,CPP,7.77,625135,6.14,-1.63,,,
2008-12-23,"Nicolet Bankshares, Inc.",14964000.00,Par,Preferred Stock w/Exercised Warrants,Purchase,3103603,,holding company,675904000.00,Federal Reserve,Green Bay,WI,,CPP,,,,,,,
2008-12-23,Pacific Coast Bankers' Bancshares,11600000.00,Par,Preferred Stock w/Exercised Warrants,Purchase,2731586,,holding company,682613000.00,Federal Reserve,San Francisco,CA,,CPP,,,,,,,
2008-12-23,Pacific Commerce Bank,4060000.00,Par,Preferred Stock w/Exercised Warrants,Purchase,57065,,bank,165410000.00,Federal Reserve,Los Angeles,CA,PFCI,CPP,,,,,,,
2008-12-23,Park National Corporation,100000000.00,Par,Preferred Stock w/Warrants,Purchase,1142336,,holding company,7166444000.00,Federal Reserve,Newark,OH,PRK,CPP,65.97,227376,55.20,-10.77,,,
2008-12-23,Parkvale Financial Corporation,31762000.00,Par,Preferred Stock w/Warrants,Purchase,,H1236,thrift holding company,,,Monroeville,PA,PVSA,CPP,12.66,376327,10.51,-2.15,,,
2008-12-23,"Peoples Bancorp of North Carolina, Inc.",25054000.00,Par,Preferred Stock w/Warrants,Purchase,2818245,,holding company,965917000.00,Federal Reserve,Newton,NC,PEBK,CPP,10.52,357234,5.91,-4.61,,,
2008-12-23,Saigon National Bank,1549000.00,Par,Preferred Stock w/Exercised Warrants,Purchase,57974,,bank,54745000.00,Comptroller,Westminster,CA,SAGN,CPP,,,,,,,
2008-12-23,Seacoast Commerce Bank,1800000.00,Par,Preferred Stock w/Exercised Warrants,Purchase,57428,,bank,74961000.00,FDIC,Chula Vista,CA,SCCB,CPP,,,,,,,
2008-12-23,Sterling Bancorp,42000000.00,Par,Preferred Stock w/Warrants,Purchase,1039454,,holding company,2196255000.00,Federal Reserve,New York,NY,STL,CPP,12.19,516817,10.43,-1.76,,,
2008-12-23,TCNB Financial Corp.,2000000.00,Par,Preferred Stock w/Exercised Warrants,Purchase,2833127,,holding company,100227000.00,Federal Reserve,Dayton,OH,,CPP,,,,,,,
2008-12-23,"Tennessee Valley Financial Holdings, Inc.",3000000.00,Par,Preferred Stock w/Exercised Warrants,Purchase,3082454,,holding company,200282000.00,Federal Reserve,Oak Ridge,TN,TVFH,CPP,,,,,,,
2008-12-23,"The Little Bank, Incorporated",7500000.00,Par,Preferred Stock w/Exercised Warrants,Purchase,34934,,bank,316518000.00,FDIC,Kinston,NC,LTLB,CPP,,,,,,,
2008-12-23,"Timberland Bancorp, Inc.",16641000.00,Par,Preferred Stock w/Warrants,Purchase,2621548,,holding company,659471000.00,Federal Reserve,Hoquiam,WA,TSBK,CPP,6.73,370899,5.53,-1.20,,,
2008-12-23,"United Bancorporation of Alabama, Inc.",10300000.00,Par,Preferred Stock w/Warrants,Purchase,1083895,,holding company,549125000.00,Federal Reserve,Atmore,AL,UBAB.OB,CPP,14.85,104040,15.50,0.65,,,
2008-12-23,Uwharrie Capital Corp,10000000.00,Par,Preferred Stock w/Exercised Warrants,Purchase,2082532,,holding company,451963000.00,Federal Reserve,Albemarle,NC,UWHR,CPP,,,,,,,
2008-12-23,"Western Community Bancshares, Inc.",7290000.00,Par,Preferred Stock w/Exercised Warrants,Purchase,,H4233,thrift holding company,319702000.00,,Palm Desert,CA,,CPP,,,,,,,
2008-12-23,Western Illinois Bancshares Inc.,6855000.00,Par,Preferred Stock w/Exercised Warrants,Purchase,3356632,,holding company,355058000.00,Federal Reserve,Monmouth,IL,,CPP,,,,,,,
2008-12-19,Alliance Financial Corporation,26918000.00,Par,Preferred Stock w/Warrants,Purchase,1140510,,holding company,1359556000.00,Federal Reserve,Syracuse,NY,ALNC,CPP,23.33,173069,19.63,-3.70,,,
2008-12-19,"AmeriServ Financial, Inc",21000000.00,Par,Preferred Stock w/Warrants,Purchase,1117316,,holding company,937050000.00,Federal Reserve,Johnstown,PA,ASRV,CPP,2.40,1312500,1.85,-0.55,,,
2008-12-19,"Bancorp Rhode Island, Inc.",30000000.00,Par,Preferred Stock w/Warrants,Purchase,2896458,,holding company,1528162000.00,Federal Reserve,Providence,RI,BARI,CPP,23.32,192967,18.27,-5.05,,,
2008-12-19,"BancTrust Financial Group, Inc.",50000000.00,Par,Preferred Stock w/Warrants,Purchase,1138012,,holding company,2088839000.00,Federal Reserve,Mobile,AL,BTFG,CPP,10.26,730994,6.85,-3.41,,,
2008-12-19,"Berkshire Hills Bancorp, Inc.",40000000.00,Par,Preferred Stock w/Warrants,Purchase,,H3608,thrift holding company,,,Pittsfield,MA,BHLB,CPP,26.51,226330,24.47,-2.04,,,
2008-12-19,Bridgeview Bancorp Inc.,38000000.00,Par,Preferred Stock w/Exercised Warrants,Purchase,1209145,,holding company,1505790000.00,Federal Reserve,Bridgeview,IL,,CPP,,,,,,,
2008-12-19,Citizens First Corporation,8779000.00,Par,Preferred Stock w/Warrants,Purchase,2750952,,holding company,361196000.00,Federal Reserve,Bowling Green,KY,CZFC,CPP,5.18,254218,4.00,-1.18,,,
2008-12-19,CoBiz Financial Inc.,64450000.00,Par,Preferred Stock w/Warrants,Purchase,1060328,,holding company,2617361000.00,Federal Reserve,Denver,CO,COBZ,CPP,10.79,895968,5.55,-5.24,,,
2008-12-19,Community Bankers Trust Corporation,17680000.00,Par,Preferred Stock w/Warrants,Purchase,3687046,,holding company,1079127000.00,Federal Reserve,Glen Allen,VA,BTC,CPP,3.40,780000,3.57,0.17,,,
2008-12-19,Community Financial Corporation,12643000.00,Par,Preferred Stock w/Warrants,Purchase,,H2750,thrift holding company,509719000.00,,Staunton,VA,CFFC,CPP,5.40,351194,4.17,-1.23,,,
2008-12-19,Community West Bancshares,15600000.00,Par,Preferred Stock w/Warrants,Purchase,2626299,,holding company,656886000.00,Federal Reserve,Goleta,CA,CWBC,CPP,4.49,521158,2.09,-2.40,,,
2008-12-19,Enterprise Financial Services Corp.,35000000.00,Par,Preferred Stock w/Warrants,Purchase,2303910,,holding company,2244108000.00,Federal Reserve,St. Louis,MO,EFSC,CPP,16.20,324074,9.61,-6.59,,,
2008-12-19,Exchange Bank,43000000.00,Par,Preferred Stock w/Exercised Warrants,Purchase,8468,,bank,1629346000.00,FDIC,Santa Rosa,CA,EXSR,CPP,,,,,,,
2008-12-19,FCB Bancorp Inc.,9294000.00,Par,Preferred Stock w/Exercised Warrants,Purchase,2900355,,holding company,419705000.00,Federal Reserve,Louisville,KY,FCBE,CPP,,,,,,,
2008-12-19,FFW Corporation,7289000.00,Par,Preferred Stock w/Exercised Warrants,Purchase,,H2092,thrift holding company,326767000.00,,Wabash,IN,FFWC,CPP,,,,,,,
2008-12-19,Fidelity Financial Corporation,36282000.00,Par,Preferred Stock w/Exercised Warrants,Purchase,,H0928,thrift holding company,1853520000.00,,Wichita,KS,,CPP,,,,,,,
2008-12-19,Fidelity Southern Corporation,48200000.00,Par,Preferred Stock w/Warrants,Purchase,1081118,,holding company,1759643000.00,Federal Reserve,Atlanta,GA,LION,CPP,3.19,2266458,2.27,-0.92,,,
2008-12-19,"First California Financial Group, Inc",25000000.00,Par,Preferred Stock w/Warrants,Purchase,1031681,,holding company,1177852000.00,Federal Reserve,Westlake Village,CA,FCAL,CPP,6.26,599042,4.01,-2.25,,,
2008-12-19,Flushing Financial Corporation,70000000.00,Par,Preferred Stock w/Warrants,Purchase,,H2328,thrift holding company,3947902000.00,,Lake Success,NY,FFIC,CPP,13.97,751611,6.12,-7.85,,,
2008-12-19,"Hawthorn Bancshares, Inc.",30255000.00,Par,Preferred Stock w/Warrants,Purchase,2038409,,holding company,1304193000.00,Federal Reserve,Lee's Summit,MO,HWBK,CPP,18.49,245443,12.95,-5.54,,,
2008-12-19,"Heartland Financial USA, Inc.",81698000.00,Par,Preferred Stock w/Warrants,Purchase,1206546,,holding company,3632294000.00,Federal Reserve,Dubuque,IA,HTLF,CPP,20.10,609687,12.91,-7.19,,,
2008-12-19,Horizon Bancorp,25000000.00,Par,Preferred Stock w/Warrants,Purchase,1209136,,holding company,1304420000.00,Federal Reserve,Michigan City,IN,HBNC,CPP,17.68,212104,11.00,-6.68,,,
2008-12-19,Intermountain Community Bancorp,27000000.00,Par,Preferred Stock w/Warrants,Purchase,2634490,,holding company,1081753000.00,Federal Reserve,Sandpoint,ID,IMCB.OB,CPP,6.20,653226,3.80,-2.40,,,
2008-12-19,Marquette National Corporation,35500000.00,Par,Preferred Stock w/Exercised Warrants,Purchase,1207486,,holding company,1711248000.00,Federal Reserve,Chicago,IL,MNAT,CPP,,,,,,,
2008-12-19,"Mid Penn Bancorp, Inc.",10000000.00,Par,Preferred Stock w/Warrants,Purchase,1944204,,holding company,563216000.00,Federal Reserve,Millersburg,PA,MPB,CPP,20.52,73099,19.99,-0.53,,,
2008-12-19,Monadnock Bancorp Inc.,1834000.00,Par,Preferred Stock w/Exercised Warrants,Purchase,,H4287,thrift holding company,127452000.00,,Peterborough,NH,MNKB,CPP,,,,,,,
2008-12-19,"Monarch Financial Holdings, Inc.",14700000.00,Par,Preferred Stock w/Warrants,Purchase,3435386,,holding company,597198000.00,Federal Reserve,Chesapeake,VA,MNRK,CPP,8.33,264706,4.95,-3.38,,,
2008-12-19,NCAL Bancorp,10000000.00,Par,Preferred Stock w/Exercised Warrants,Purchase,2925406,,holding company,420524000.00,Federal Reserve,Los Angeles,CA,NCAL,CPP,,,,,,,
2008-12-19,OneUnited Bank,12063000.00,Par,Preferred Stock ,Purchase,23966,,bank,625311000.00,FDIC,Boston,MA,,CPP,,,,,,,
2008-12-19,Pacific City Financial Corporation,16200000.00,Par,Preferred Stock w/Exercised Warrants,Purchase,3595084,,holding company,580803000.00,Federal Reserve,Los Angeles,CA,PFCF,CPP,,,,,,,
2008-12-19,Patapsco Bancorp Inc.,6000000.00,Par,Preferred Stock w/Exercised Warrants,Purchase,2384508,,holding company,267519000.00,Federal Reserve,Dundalk,MD,,CPP,,,,,,,
2008-12-19,Patriot Bancshares Inc.,26038000.00,Par,Preferred Stock w/Exercised Warrants,Purchase,3390430,,holding company,963902000.00,Federal Reserve,Houston,TX,,CPP,,,,,,,
2008-12-19,PlainsCapital Corporation,87631000.00,Par,Preferred Stock w/Exercised Warrants,Purchase,2348470,,holding company,,Federal Reserve,Dallas,TX,,CPP,,,,,,,
2008-12-19,Santa Lucia Bancorp,4000000.00,Par,Preferred Stock w/Warrants,Purchase,3403778,,holding company,251582000.00,Federal Reserve,Atascadero,CA,SLBA.OB,CPP,16.06,37360,12.00,-4.06,,,
2008-12-19,Seacoast Banking Corporation of Florida,50000000.00,Par,Preferred Stock w/Warrants,Purchase,1085013,,holding company,2317149000.00,Federal Reserve,Stuart,FL,SBCF,CPP,6.36,1179245,3.41,-2.95,,,
2008-12-19,Security Federal Corporation,18000000.00,Par,Preferred Stock w/Warrants,Purchase,,H1130,thrift holding company,934799000.00,,Aiken,SC,SFDL.OB,CPP,19.57,137966,15.50,-4.07,,,
2008-12-19,StellarOne Corporation,30000000.00,Par,Preferred Stock w/Warrants,Purchase,2502049,,holding company,2933064000.00,Federal Reserve,Charlottesville,VA,STEL,CPP,14.87,302623,13.15,-1.72,,,
2008-12-19,Summit State Bank,8500000.00,Par,Preferred Stock w/Warrants,Purchase,32203,,bank,349785000.00,FDIC,Santa Rosa,CA,SSBI,CPP,5.33,239212,4.50,-0.83,,,
2008-12-19,Synovus Financial Corp.,967870000.00,Par,Preferred Stock w/Warrants,Purchase,1078846,,holding company,36154084000.00,Federal Reserve,Columbus,GA,SNV,CPP,9.36,708116,3.34,-6.02,,,
2008-12-19,"Tennessee Commerce Bancorp, Inc.",30000000.00,Par,Preferred Stock w/Warrants,Purchase,2916169,,holding company,1210553000.00,Federal Reserve,Franklin,TN,TNCC,CPP,9.75,461538,8.90,-0.85,,,
2008-12-19,The Connecticut Bank and Trust Company,5448000.00,Par,Preferred Stock w/Warrants,Purchase,57690,,bank,223465000.00,Federal Reserve,Hartford,CT,CTBC,CPP,4.65,175742,4.50,-0.15,,,
2008-12-19,"The Elmira Savings Bank, FSB",9090000.00,Par,Preferred Stock w/Warrants,Purchase,16001,,savings and loan,462649000.00,Thrift,Elmira,NY,ESBK,CPP,11.70,116538,10.76,-0.94,,,
2008-12-19,"Tidelands Bancshares, Inc",14448000.00,Par,Preferred Stock w/Warrants,Purchase,3185476,,holding company,712714000.00,Federal Reserve,Mt. Pleasant,SC,TDBK,CPP,3.79,571821,3.15,-0.64,,,
2008-12-19,Tri-County Financial Corporation,15540000.00,Par,Preferred Stock w/Exercised Warrants,Purchase,2523389,,holding company,714638000.00,Federal Reserve,Waldorf,MD,TCFC,CPP,,,,,,,
2008-12-19,Union Bankshares Corporation,59000000.00,Par,Preferred Stock w/Warrants,Purchase,1971693,,holding company,2560112000.00,Federal Reserve,Bowling Green,VA,UBSH,CPP,20.94,422636,17.34,-3.60,,,
2008-12-19,VIST Financial Corp.,25000000.00,Par,Preferred Stock w/Warrants,Purchase,1136139,,holding company,1206644000.00,Federal Reserve,Wyomissing,PA,VIST,CPP,10.30,364078,6.95,-3.35,,,
2008-12-19,Wainwright Bank & Trust Company,22000000.00,Par,Preferred Stock w/Warrants,Purchase,27009,,bank,979538000.00,FDIC,Boston,MA,WAIN,CPP,8.46,390071,7.44,-1.02,,,
2008-12-19,Whitney Holding Corporation,300000000.00,Par,Preferred Stock w/Warrants,Purchase,1079740,,holding company,12368310000.00,Federal Reserve,New Orleans,LA,WTNY,CPP,17.10,2631579,12.46,-4.64,,,
2008-12-19,Wintrust Financial Corporation,250000000.00,Par,Preferred Stock w/Warrants,Purchase,2260406,,holding company,10576244000.00,Federal Reserve,Lake Forest,IL,WTFC,CPP,22.82,1643295,13.18,-9.64,,,
2008-12-12,"Bank of the Ozarks, Inc.",75000000.00,Par,Preferred Stock w/Warrants,Purchase,1097089,,holding company,3228954000.00,Federal Reserve,Little Rock,AR,OZRK,CPP,29.62,379811,21.05,-8.57,,,
2008-12-12,Capital Bank Corporation,41279000.00,Par,Preferred Stock w/Warrants,Purchase,2741156,,holding company,1713301000.00,Federal Reserve,Raleigh,NC,CBKN,CPP,8.26,749619,4.70,-3.56,,,
2008-12-12,Center Financial Corporation,55000000.00,Par,Preferred Stock w/Warrants,Purchase,3003178,,holding company,2056646000.00,Federal Reserve,Los Angeles,CA,CLFC,CPP,9.54,864780,3.07,-6.47,,,
2008-12-12,"Citizens Republic Bancorp, Inc.",300000000.00,Par,Preferred Stock w/Warrants,Purchase,1205688,,holding company,12748259000.00,Federal Reserve,Flint,MI,CRBC,CPP,2.56,17578125,1.40,-1.16,,,
2008-12-12,Citizens South Banking Corporation,20500000.00,Par,Preferred Stock w/Warrants,Purchase,,H3027,thrift holding company,817283000.00,,Gastonia,NC,CSBC,CPP,7.17,428870,5.25,-1.92,,,
2008-12-12,"Fidelity Bancorp, Inc.",7000000.00,Par,Preferred Stock w/Warrants,Purchase,2121552,,holding company,735003000.00,Federal Reserve,Pittsburgh,PA,FSBI,CPP,8.65,121387,9.59,0.94,,,
2008-12-12,First Litchfield Financial Corporation,10000000.00,Par,Preferred Stock w/Warrants,Purchase,1363757,,holding company,532151000.00,Federal Reserve,Litchfield,CT,FLFL.OB,CPP,7.53,199203,6.12,-1.41,,,
2008-12-12,HopFed Bancorp,18400000.00,Par,Preferred Stock w/Warrants,Purchase,,H2913,thrift holding company,959871000.00,,Hopkinsville,KY,HFBC,CPP,11.32,243816,9.70,-1.62,,,
2008-12-12,Independent Bank Corporation,72000000.00,Par,Preferred Stock w/Warrants,Purchase,1201925,,holding company,2956914000.00,Federal Reserve,Ionia,MI,IBCP,CPP,3.12,3461538,1.96,-1.16,,,
2008-12-12,Indiana Community Bancorp,21500000.00,Par,Preferred Stock w/Warrants,Purchase,3059504,,holding company,983271000.00,Federal Reserve,Columbus,IN,INCB,CPP,17.09,188707,12.28,-4.81,,,
2008-12-12,LNB Bancorp Inc.,25223000.00,Par,Preferred Stock w/Warrants,Purchase,1071669,,holding company,1135484000.00,Federal Reserve,Lorain,OH,LNBB,CPP,6.74,561343,5.17,-1.57,,,
2008-12-12,LSB Corporation,15000000.00,Par,Preferred Stock w/Warrants,Purchase,3019674,,holding company,761305000.00,Federal Reserve,North Andover,MA,LSBX,CPP,10.74,209497,9.04,-1.70,,,
2008-12-12,"National Penn Bancshares, Inc.",150000000.00,Par,Preferred Stock w/Warrants,Purchase,1117026,,holding company,9401276000.00,Federal Reserve,Boyertown,PA,NPBC,CPP,15.30,1470588,8.87,-6.43,,,
2008-12-12,NewBridge Bancorp,52372000.00,Par,Preferred Stock w/Warrants,Purchase,1076002,,holding company,2073836000.00,Federal Reserve,Greensboro,NC,NBBC,CPP,3.06,2567255,2.21,-0.85,,,
2008-12-12,Northeast Bancorp,4227000.00,Par,Preferred Stock w/Warrants,Purchase,2324111,,holding company,616325000.00,Federal Reserve,Lewiston,ME,NBN,CPP,9.33,67958,9.50,0.17,,,
2008-12-12,Old National Bancorp,100000000.00,Par,Preferred Stock w/Warrants,Purchase,1098303,,holding company,7712867000.00,Federal Reserve,Evansville,IN,ONB,CPP,18.45,813008,12.96,-5.49,,,
2008-12-12,Pacific International Bancorp,6500000.00,Par,Preferred Stock w/Warrants,Purchase,3272938,,holding company,271939000.00,Federal Reserve,Seattle,WA,PIBW.OB,CPP,7.63,127785,3.00,-4.63,,,
2008-12-12,"Pinnacle Financial Partners, Inc.",95000000.00,Par,Preferred Stock w/Warrants,Purchase,2925657,,holding company,4745636000.00,Federal Reserve,Nashville,TN,PNFP,CPP,26.64,534910,20.34,-6.30,,,
2008-12-12,Signature Bank,120000000.00,Par,Preferred Stock w/Warrants,Purchase,57053,,bank,6699455000.00,FDIC,New York,NY,SBNY,CPP,30.21,595829,25.30,-4.91,,,
2008-12-12,"Sterling Bancshares, Inc.",125198000.00,Par,Preferred Stock w/Warrants,Purchase,1105425,,holding company,5081614000.00,Federal Reserve,Houston,TX,SBIB,CPP,7.18,2615557,6.22,-0.96,,,
2008-12-12,"Susquehanna Bancshares, Inc",300000000.00,Par,Preferred Stock w/Warrants,Purchase,1117156,,holding company,13406718000.00,Federal Reserve,Lititz,PA,SUSQ,CPP,14.86,3028264,9.24,-5.62,,,
2008-12-12,SVB Financial Group,235000000.00,Par,Preferred Stock w/Warrants,Purchase,1031449,,holding company,9473973000.00,Federal Reserve,Santa Clara,CA,SIVB,CPP,49.78,708116,16.00,-33.78,,,
2008-12-12,"The Bancorp, Inc.",45220000.00,Par,Preferred Stock w/Warrants,Purchase,2858951,,holding company,1827181000.00,Federal Reserve,Wilmington,DE,TBBK,CPP,3.46,1960405,3.94,0.48,,,
2008-12-12,TowneBank,76458000.00,Par,Preferred Stock w/Warrants,Purchase,35095,,bank,3015581000.00,FDIC,Portsmouth,VA,TOWN,CPP,21.31,538184,15.24,-6.07,,,
2008-12-12,Valley Financial Corporation,16019000.00,Par,Preferred Stock w/Warrants,Purchase,2314327,,holding company,668407000.00,Federal Reserve,Roanoke,VA,VYFC,CPP,6.97,344742,,,,,
2008-12-12,Virginia Commerce Bancorp,71000000.00,Par,Preferred Stock w/Warrants,Purchase,2856377,,holding company,2713694000.00,Federal Reserve,Arlington,VA,VCBI,CPP,3.95,2696203,4.18,0.23,,,
2008-12-12,Wilmington Trust Corporation,330000000.00,Par,Preferred Stock w/Warrants,Purchase,1888193,,holding company,12786822000.00,Federal Reserve,Wilmington,DE,WL,CPP,26.66,1856714,9.37,-17.29,,,
2008-12-12,"Wilshire Bancorp, Inc.",62158000.00,Par,Preferred Stock w/Warrants,Purchase,3248513,,holding company,2446601000.00,Federal Reserve,Los Angeles,CA,WIBC,CPP,9.82,949460,4.81,-5.01,,,
2008-12-05,Bank of Marin Bancorp,28000000.00,Par,Preferred Stock w/Warrants,Purchase,3590388,,holding company,1049536000.00,Federal Reserve,Novato,CA,BMRC,CPP,27.23,154242,23.25,-3.98,,,
2008-12-05,Bank of North Carolina,31260000.00,Par,Preferred Stock w/Warrants,Purchase,33527,,bank,1572135000.00,FDIC,Thomasville,NC,BNCN,CPP,8.63,543337,5.95,-2.68,,,
2008-12-05,Blue Valley Ban Corp,21750000.00,Par,Preferred Stock w/Warrants,Purchase,1471849,,holding company,800974000.00,Federal Reserve,Overland Park,KS,BVBC.OB,CPP,29.37,111083,12.00,-17.37,,,
2008-12-05,Cathay General Bancorp,258000000.00,Par,Preferred Stock w/Warrants,Purchase,1843080,,holding company,11579100000.00,Federal Reserve,Los Angeles,CA,CATY,CPP,20.96,1846374,10.58,-10.38,,,
2008-12-05,"Central Bancorp, Inc.",10000000.00,Par,Preferred Stock w/Warrants,Purchase,2746049,,holding company,551644000.00,Federal Reserve,Somerville,MA,CEBK,CPP,6.39,234742,5.82,-0.57,,,
2008-12-05,Central Federal Corporation,7225000.00,Par,Preferred Stock w/Warrants,Purchase,,H3317,thrift holding company,275978000.00,,Fairlawn,OH,CFBK,CPP,3.22,336568,2.52,-0.70,,,
2008-12-05,"Coastal Banking Company, Inc.",9950000.00,Par,Preferred Stock w/Warrants,Purchase,2855905,,holding company,474647000.00,Federal Reserve,Fernandina Beach,FL,CBCO.OB,CPP,7.26,205579,6.05,-1.21,,,
2008-12-05,CVB Financial Corp,130000000.00,Par,Preferred Stock w/Warrants,Purchase,1029222,,holding company,6648313000.00,Federal Reserve,Ontario,CA,CVBF,CPP,11.68,1669521,6.42,-5.26,,,
2008-12-05,"Eagle Bancorp, Inc.",38235000.00,Par,Preferred Stock w/Warrants,Purchase,2652104,,holding company,1490871000.00,Federal Reserve,Bethesda,MD,EGBN,CPP,7.44,770867,6.83,-0.61,,,
2008-12-05,East West Bancorp,306546000.00,Par,Preferred Stock w/Warrants,Purchase,2734233,,holding company,12412072000.00,Federal Reserve,Pasadena,CA,EWBC,CPP,15.15,3035109,4.56,-10.59,,,
2008-12-05,Encore Bancshares Inc.,34000000.00,Par,Preferred Stock w/Warrants,Purchase,3555341,,holding company,1579951000.00,Federal Reserve,Houston,TX,EBTX,CPP,14.01,364026,8.30,-5.71,,,
2008-12-05,First Defiance Financial Corp.,37000000.00,Par,Preferred Stock w/Warrants,Purchase,,H2513,thrift holding company,1949553000.00,,Defiance,OH,FDEF,CPP,10.08,550595,7.90,-2.18,,,
2008-12-05,First Financial Holdings Inc.,65000000.00,Par,Preferred Stock w/Warrants,Purchase,,H1214,thrift holding company,3009111000.00,,Charleston,SC,FFCH,CPP,20.17,483391,8.11,-12.06,,,
2008-12-05,"First Midwest Bancorp, Inc.",193000000.00,Par,Preferred Stock w/Warrants,Purchase,1208184,,holding company,8489275000.00,Federal Reserve,Itasca,IL,FMBI,CPP,22.18,1305230,8.56,-13.62,,,
2008-12-05,"FPB Bancorp, Inc.",5800000.00,Par,Preferred Stock w/Warrants,Purchase,3049671,,holding company,238922000.00,Federal Reserve,Port St. Lucie,FL,FPBI,CPP,4.75,183158,2.25,-2.50,,,
2008-12-05,Great Southern Bancorp,58000000.00,Par,Preferred Stock w/Warrants,Purchase,2339133,,holding company,2657417000.00,Federal Reserve,Springfield,MO,GSBC,CPP,9.57,909091,14.75,5.18,,,
2008-12-05,Iberiabank Corporation,90000000.00,Par,Preferred Stock w/Warrants,Purchase,2291914,,holding company,5377099000.00,Federal Reserve,Lafayette,LA,IBKC,CPP,48.74,276980,47.69,-1.05,,,
2008-12-05,Manhattan Bancorp,1700000.00,Par,Preferred Stock w/Warrants,Purchase,3596120,,holding company,,Federal Reserve,El Segundo,CA,MNHN,CPP,,,,,,,
2008-12-05,MB Financial Inc.,196000000.00,Par,Preferred Stock w/Warrants,Purchase,1090987,,holding company,8802576000.00,Federal Reserve,Chicago,IL,MBFI,CPP,29.05,1012048,13.63,-15.42,,,
2008-12-05,"Midwest Banc Holdings, Inc.",84784000.00,Par,Preferred Stock w/Warrants,Purchase,1209828,,holding company,3552033000.00,Federal Reserve,Melrose Park,IL,MBHI,CPP,2.97,4282020,1.21,-1.76,,,
2008-12-05,Oak Valley Bancorp,13500000.00,Par,Preferred Stock w/Warrants,Purchase,3726440,,holding company,508156000.00,Federal Reserve,Oakdale,CA,OVLY,CPP,5.78,350346,,,,,
2008-12-05,"Old Line Bancshares, Inc.",7000000.00,Par,Preferred Stock w/Warrants,Purchase,3200221,,holding company,309397000.00,Federal Reserve,Bowie,MD,OLBK,CPP,7.40,141892,5.90,-1.50,,,
2008-12-05,"Popular, Inc.",935000000.00,Par,Preferred Stock w/Warrants,Purchase,1129382,,holding company,37962891000.00,Federal Reserve,San Juan,PR,BPOP,CPP,6.70,20932836,2.55,-4.15,,,
2008-12-05,"Sandy Spring Bancorp, Inc.",83094000.00,Par,Preferred Stock w/Warrants,Purchase,1248304,,holding company,3308538000.00,Federal Reserve,Olney,MD,SASR,CPP,19.13,651547,11.98,-7.15,,,
2008-12-05,"South Financial Group, Inc.",347000000.00,Par,Preferred Stock w/Warrants,Purchase,1141599,,holding company,13568284000.00,Federal Reserve,Greenville,SC,TSFG,CPP,5.15,10106796,1.18,-3.97,,,
2008-12-05,Southern Community Financial Corp.,42750000.00,Par,Preferred Stock w/Warrants,Purchase,2981831,,holding company,1800127000.00,Federal Reserve,Winston-Salem,NC,SCMF,CPP,3.95,1623418,3.61,-0.34,,,
2008-12-05,"Southern Missouri Bancorp, Inc.",9550000.00,Par,Preferred Stock w/Warrants,Purchase,3266227,,holding company,445440000.00,Federal Reserve,Poplar Bluff,MO,SMBC,CPP,12.53,114326,10.60,-1.93,,,
2008-12-05,"Southwest Bancorp, Inc.",70000000.00,Par,Preferred Stock w/Warrants,Purchase,1062621,,holding company,2919122000.00,Federal Reserve,Stillwater,OK,OKSB,CPP,14.92,703753,9.35,-5.57,,,
2008-12-05,"State Bancorp, Inc.",36842000.00,Par,Preferred Stock w/Warrants,Purchase,1138861,,holding company,1692153000.00,Federal Reserve,Jericho,NY,STBC,CPP,11.87,465569,7.11,-4.76,,,
2008-12-05,Sterling Financial Corporation,303000000.00,Par,Preferred Stock w/Warrants,Purchase,3152245,,holding company,12784067000.00,Federal Reserve,Spokane,WA,STSA,CPP,7.06,6437677,2.21,-4.85,,,
2008-12-05,Superior Bancorp Inc.,69000000.00,Par,Preferred Stock w/Warrants,Purchase,,H4235,thrift holding company,3034347000.00,,Birmingham,AL,SUPR,CPP,5.38,1923792,3.95,-1.43,,,
2008-12-05,TIB Financial Corp,37000000.00,Par,Preferred Stock w/Warrants,Purchase,2457943,,holding company,1612277000.00,Federal Reserve,Naples,FL,TIBB,CPP,5.22,1063218,2.90,-2.32,,,
2008-12-05,"United Community Banks, Inc.",180000000.00,Par,Preferred Stock w/Warrants,Purchase,1249347,,holding company,8574452000.00,Federal Reserve,Blairsville,GA,UCBI,CPP,12.66,2132701,4.39,-8.27,,,
2008-12-05,"Unity Bancorp, Inc.",20649000.00,Par,Preferred Stock w/Warrants,Purchase,2181426,,holding company,897635000.00,Federal Reserve,Clinton,NJ,UNTY,CPP,4.05,764778,3.09,-0.96,,,
2008-12-05,Wesbanco Bank Inc.,75000000.00,Par,Preferred Stock w/Warrants,Purchase,803,,bank,5196684000.00,FDIC,Wheeling,WV,WSBC,CPP,25.61,439282,21.81,-3.80,,,
2008-11-25,AIG,40000000000.00,Par,Preferred Stock w/Warrants,Purchase,,H2984,thrift holding company,1268362000.00,,New York,NY,AIG,SSFI,2.50,53798766,1.08,-1.42,63,2009-02-06,COP
2008-11-21,Ameris Bancorp,52000000.00,Par,Preferred Stock w/Warrants,Purchase,1082067,,holding company,2405524000.00,Federal Reserve,Moultrie,GA,ABCB,CPP,11.48,679443,6.17,-5.31,,,
2008-11-21,Associated Banc-Corp,525000000.00,Par,Preferred Stock w/Warrants,Purchase,1199563,,holding company,23843152000.00,Federal Reserve,Green Bay,WI,ASBC,CPP,19.77,3983308,15.08,-4.69,,,
2008-11-21,Banner Corporation,124000000.00,Par,Preferred Stock w/Warrants,Purchase,2126977,,holding company,4602303000.00,Federal Reserve,Walla Walla,WA,BANR,CPP,10.89,1707989,3.18,-7.71,,,
2008-11-21,"Boston Private Financial Holdings, Inc.",154000000.00,Par,Preferred Stock w/Warrants,Purchase,1248078,,holding company,6993610000.00,Federal Reserve,Boston,MA,BPFH,CPP,8.00,2887500,3.28,-4.72,,,
2008-11-21,Cascade Financial Corporation,38970000.00,Par,Preferred Stock w/Warrants,Purchase,2568362,,holding company,1636243000.00,Federal Reserve,Everett,WA,CASB,CPP,6.77,863442,3.11,-3.66,,,
2008-11-21,Centerstate Banks of Florida Inc.,27875000.00,Par,Preferred Stock w/Warrants,Purchase,2868129,,holding company,1332313000.00,Federal Reserve,Davenport,FL,CSFL,CPP,16.67,250825,11.41,-5.26,,,
2008-11-21,City National Corporation,400000000.00,Par,Preferred Stock w/Warrants,Purchase,1027518,,holding company,16097768000.00,Federal Reserve,Beverly Hills,CA,CYN,CPP,53.16,1128668,32.05,-21.11,,,
2008-11-21,"Columbia Banking System, Inc.",76898000.00,Par,Preferred Stock w/Warrants,Purchase,2078816,,holding company,3091825000.00,Federal Reserve,Tacoma,WA,COLB,CPP,14.49,796046,7.40,-7.09,,,
2008-11-21,First Community Bankshares Inc.,41500000.00,Par,Preferred Stock w/Warrants,Purchase,1478017,,holding company,2104351000.00,Federal Reserve,Bluefield,VA,FCBC,CPP,35.26,176546,12.48,-22.78,,,
2008-11-21,First Community Corporation,11350000.00,Par,Preferred Stock w/Warrants,Purchase,2337401,,holding company,646894000.00,Federal Reserve,Lexington,SC,FCCO,CPP,8.69,195915,7.18,-1.51,,,
2008-11-21,First Niagara Financial Group,184011000.00,Par,Preferred Stock w/Warrants,Purchase,,H3915,thrift holding company,9239610000.00,,Lockport,NY,FNFG,CPP,14.48,1906191,12.59,-1.89,,,
2008-11-21,"First PacTrust Bancorp, Inc.",19300000.00,Par,Preferred Stock w/Warrants,Purchase,,H3859,thrift holding company,876524000.00,,Chula Vista,CA,FPTB,CPP,10.31,280795,6.76,-3.55,,,
2008-11-21,Heritage Commerce Corp.,40000000.00,Par,Preferred Stock w/Warrants,Purchase,2634874,,holding company,1497892000.00,Federal Reserve,San Jose,CA,HTBK,CPP,12.96,462963,7.27,-5.69,,,
2008-11-21,Heritage Financial Corporation,24000000.00,Par,Preferred Stock w/Warrants,Purchase,2166124,,holding company,945500000.00,Federal Reserve,Olympia,WA,HFWA,CPP,13.04,276074,11.06,-1.98,,,
2008-11-21,HF Financial Corp.,25000000.00,Par,Preferred Stock w/Warrants,Purchase,,H1927,thrift holding company,1172207000.00,,Sioux Falls,SD,HFFC,CPP,12.40,302419,10.80,-1.60,,,
2008-11-21,"Nara Bancorp, Inc.",67000000.00,Par,Preferred Stock w/Warrants,Purchase,2961879,,holding company,2668949000.00,Federal Reserve,Los Angeles,CA,NARA,CPP,9.64,1042531,3.23,-6.41,,,
2008-11-21,Pacific Capital Bancorp,180634000.00,Par,Preferred Stock w/Warrants,Purchase,1029884,,holding company,9560721000.00,Federal Reserve,Santa Barbara,CA,PCBC,CPP,17.92,1512003,6.88,-11.04,,,
2008-11-21,Porter Bancorp Inc.,35000000.00,Par,Preferred Stock w/Warrants,Purchase,1249712,,holding company,1643712000.00,Federal Reserve,Louisville,KY,PBIB,CPP,17.51,299829,12.48,-5.03,,,
2008-11-21,"Severn Bancorp, Inc.",23393000.00,Par,Preferred Stock w/Warrants,Purchase,,H1799,thrift holding company,982849000.00,,Annapolis,MD,SVBI,CPP,6.30,556976,3.20,-3.10,,,
2008-11-21,Taylor Capital Group,104823000.00,Par,Preferred Stock w/Warrants,Purchase,2495039,,holding company,4378470000.00,Federal Reserve,Rosemont,IL,TAYC,CPP,10.75,1462647,3.48,-7.27,,,
2008-11-21,Trustmark Corporation,215000000.00,Par,Preferred Stock w/Warrants,Purchase,1079562,,holding company,9841521000.00,Federal Reserve,Jackson,MS,TRMK,CPP,19.57,1647931,17.88,-1.69,,,
2008-11-21,Webster Financial Corporation,400000000.00,Par,Preferred Stock w/Warrants,Purchase,1145476,,holding company,17480164000.00,Federal Reserve,Waterbury,CT,WBS,CPP,18.28,3282276,4.56,-13.72,,,
2008-11-21,Western Alliance Bancorporation,140000000.00,Par,Preferred Stock w/Warrants,Purchase,2349815,,holding company,5357924000.00,Federal Reserve,Las Vegas,NV,WAL,CPP,13.34,1574213,4.26,-9.08,,,
2008-11-14,1st FS Corporation,16369000.00,Par,Preferred Stock w/Warrants,Purchase,3715257,,holding company,707136000.00,Federal Reserve,Hendersonville,NC,FFIS.OB,CPP,8.87,276,4.75,-4.12,,,
2008-11-14,Bank of Commerce Holdings,17000000.00,Par,Preferred Stock w/Warrants,Purchase,1030040,,holding company,769179000.00,Federal Reserve,Redding,CA,BOCH,CPP,6.29,405405,5.00,-1.29,,,
2008-11-14,BB&T Corp.,3133640000.00,Par,Preferred Stock w/Warrants,Purchase,1074156,,holding company,149328261000.00,Federal Reserve,Winston-Salem,NC,BBT,CPP,33.81,13902573,16.70,-17.11,,,
2008-11-14,Broadway Financial Corporation,9000000.00,Par,Preferred Stock w/Warrants,Purchase,,H2589,thrift holding company,405342000.00,,Los Angeles,CA,BYFC,CPP,7.37,183175,4.15,-3.22,,,
2008-11-14,Capital One Financial Corporation,3555199000.00,Par,Preferred Stock w/Warrants,Purchase,2277860,,holding company,156011580000.00,Federal Reserve,McLean,VA,COF,CPP,42.13,12657960,13.81,-28.32,,,
2008-11-14,Comerica Inc.,2250000000.00,Par,Preferred Stock w/Warrants,Purchase,1199844,,holding company,67613219000.00,Federal Reserve,Dallas,TX,CMA,CPP,29.40,11479592,16.42,-12.98,,,
2008-11-14,First Horizon National Corporation,866540000.00,Par,Preferred Stock w/Warrants,Purchase,1094640,,holding company,30786926000.00,Federal Reserve,Memphis,TN,FHN,CPP,10.20,12743235,11.12,0.92,,,
2008-11-14,Huntington Bancshares,1398071000.00,Par,Preferred Stock w/Warrants,Purchase,1068191,,holding company,53548035000.00,Federal Reserve,Columbus,OH,HBAN,CPP,8.90,23562994,1.71,-7.19,,,
2008-11-14,KeyCorp,2500000000.00,Par,Preferred Stock w/Warrants,Purchase,1068025,,holding company,101868610000.00,Federal Reserve,Cleveland,OH,KEY,CPP,10.64,35244361,6.57,-4.07,,,
2008-11-14,Marshall & Ilsley Corporation,1715000000.00,Par,Preferred Stock w/Warrants,Purchase,3594612,,holding company,65672876000.00,Federal Reserve,Milwaukee,WI,MI,CPP,18.62,13815789,5.64,-12.98,,,
2008-11-14,Northern Trust Corporation,1576000000.00,Par,Preferred Stock w/Warrants,Purchase,1199611,,holding company,83458421000.00,Federal Reserve,Chicago,IL,NTRS,CPP,61.81,3824624,58.30,-3.51,,,
2008-11-14,Provident Bancshares Corp.,151500000.00,Par,Preferred Stock w/Warrants,Purchase,1247633,,holding company,6299164000.00,Federal Reserve,Baltimore,MD,PBKS,CPP,9.57,2374608,7.58,-1.99,,,
2008-11-14,Regions Financial Corp.,3500000000.00,Par,Preferred Stock w/Warrants,Purchase,3242838,,holding company,142084005000.00,Federal Reserve,Birmingham,AL,RF,CPP,10.88,48253677,3.83,-7.05,,,
2008-11-14,"SunTrust Banks, Inc.",3500000000.00,Par,Preferred Stock w/Warrants,Purchase,1131787,,holding company,185098787000.00,Federal Reserve,Atlanta,GA,STI,CPP,44.15,11891280,10.83,-33.32,,,
2008-11-14,TCF Financial Corporation,361172000.00,Par,Preferred Stock w/Warrants,Purchase,2389941,,holding company,16792522000.00,Federal Reserve,Wayzata,MN,TCB,CPP,16.93,3199988,13.14,-3.79,,,
2008-11-14,U.S. Bancorp,6599000000.00,Par,Preferred Stock w/Warrants,Purchase,1119794,,holding company,266634185000.00,Federal Reserve,Minneapolis,MN,USB,CPP,30.29,32679102,14.36,-15.93,5,2009-02-06,COP
2008-11-14,"UCBH Holdings, Inc.",298737000.00,Par,Preferred Stock w/Warrants,Purchase,2694814,,holding company,13499547000.00,Federal Reserve,San Francisco,CA,UCBH,CPP,5.71,7847732,1.51,-4.20,,,
2008-11-14,Umpqua Holdings Corp.,214181000.00,Par,Preferred Stock w/Warrants,Purchase,2747644,,holding company,8599058000.00,Federal Reserve,Portland,OR,UMPQ,CPP,14.46,2221795,9.23,-5.23,,,
2008-11-14,Valley National Bancorp,300000000.00,Par,Preferred Stock w/Warrants,Purchase,1048773,,holding company,14700181000.00,Federal Reserve,Wayne,NJ,VLY,CPP,19.59,2297090,12.57,-7.02,,,
2008-11-14,Washington Federal Inc.,200000000.00,Par,Preferred Stock w/Warrants,Purchase,,H2427,thrift holding company,12516153000.00,,Seattle,WA,WFSL,CPP,17.57,1707456,13.39,-4.18,,,
2008-11-14,Zions Bancorporation,1400000000.00,Par,Preferred Stock w/Warrants,Purchase,1027004,,holding company,55873895000.00,Federal Reserve,Salt Lake City,UT,ZION,CPP,36.27,5789909,9.78,-26.49,,,
2008-10-28,Bank of America Corporation,15000000000.00,Par,Preferred Stock w/Warrants,Purchase,1073757,,holding company,1817686267000.00,Federal Reserve,Charlotte,NC,BAC,CPP,30.79,73075674,7.06,-23.73,17,2009-02-06,COP
2008-10-28,Bank of New York Mellon Corporation,3000000000.00,Par,Preferred Stock w/Warrants,Purchase,3587146,,holding company,207382310000.00,Federal Reserve,New York,NY,BK,CPP,31.00,14516129,27.67,-3.33,,,
2008-10-28,Citigroup Inc.,25000000000.00,Par,Preferred Stock w/Warrants,Purchase,1951350,,holding company,1340720959000.00,Federal Reserve,New York,NY,C,CPP,17.85,210084034,2.70,-15.15,38,2009-02-06,COP
2008-10-28,JPMorgan Chase & Co.,25000000000.00,Par,Preferred Stock w/Warrants,Purchase,1039502,,holding company,1849647659000.00,Federal Reserve,New York,NY,JPM,CPP,42.42,88401697,27.43,-14.99,18,2009-02-06,COP
2008-10-28,Morgan Stanley,10000000000.00,Par,Preferred Stock w/Warrants,Purchase,2162966,,holding company,58058000000.00,Federal Reserve,New York,NY,MS,CPP,22.99,65245759,22.69,-0.30,42,2009-02-06,COP
2008-10-28,State Street Corporation,2000000000.00,Par,Preferred Stock w/Warrants,Purchase,1111435,,holding company,171227778000.00,Federal Reserve,Boston,MA,STT,CPP,53.80,5576208,31.09,-22.71,,,
2008-10-28,"The Goldman Sachs Group, Inc.",10000000000.00,Par,Preferred Stock w/Warrants,Purchase,2380443,,holding company,162474000000.00,Federal Reserve,New York,NY,GS,CPP,122.90,12205045,114.75,-8.15,25,2009-02-06,COP
2008-10-28,Wells Fargo & Company,25000000000.00,Par,Preferred Stock w/Warrants,Purchase,1120754,,holding company,1335033794000.00,Federal Reserve,San Francisco,CA,WFC,CPP,34.01,110261688,14.89,-19.12,7,2009-02-06,COP
